"d","v","mature"
1993-01-01,1.01300479123888,TRUE
1993-02-01,1.04859685147159,TRUE
1993-03-01,0.950034223134839,TRUE
1993-04-01,0.914442162902122,TRUE
1993-05-01,0.854209445585216,TRUE
1993-06-01,0.914442162902122,TRUE
1993-07-01,0.878850102669405,TRUE
1993-08-01,0.914442162902122,TRUE
1993-09-01,1.05681040383299,TRUE
1993-10-01,1.36071184120465,TRUE
1993-11-01,1.36071184120465,TRUE
1993-12-01,1.36071184120465,TRUE
1994-01-01,1.65776865160849,TRUE
1994-02-01,1.65092402464066,TRUE
1994-03-01,1.65092402464066,TRUE
1994-04-01,1.70841889117043,TRUE
1994-05-01,1.66461327857632,TRUE
1994-06-01,1.65092402464066,TRUE
1994-07-01,1.35386721423682,TRUE
1994-08-01,1.65092402464066,TRUE
1994-09-01,1.65092402464066,TRUE
1994-10-01,1.65092402464066,TRUE
1994-11-01,1.66461327857632,TRUE
1994-12-01,1.66461327857632,TRUE
1995-01-01,1.65092402464066,TRUE
1995-02-01,1.65092402464066,TRUE
1995-03-01,1.65092402464066,TRUE
1995-04-01,1.65092402464066,TRUE
1995-05-01,1.66461327857632,TRUE
1995-06-01,1.66461327857632,TRUE
1995-07-01,1.66461327857632,TRUE
1995-08-01,1.66461327857632,TRUE
1995-09-01,1.66461327857632,TRUE
1995-10-01,1.66461327857632,TRUE
1995-11-01,1.65776865160849,TRUE
1995-12-01,1.65092402464066,TRUE
1996-01-01,1.65092402464066,TRUE
1996-02-01,1.54688569472964,TRUE
1996-03-01,1.54688569472964,TRUE
1996-04-01,1.54688569472964,TRUE
1996-05-01,1.54688569472964,TRUE
1996-06-01,1.54688569472964,TRUE
1996-07-01,1.54688569472964,TRUE
1996-08-01,1.30595482546201,TRUE
1996-09-01,1.30595482546201,TRUE
1996-10-01,1.30595482546201,TRUE
1996-11-01,1.54688569472964,TRUE
1996-12-01,1.54688569472964,TRUE
1997-01-01,1.54688569472964,TRUE
1997-02-01,1.53319644079398,TRUE
1997-03-01,1.48665297741273,TRUE
1997-04-01,1.33333333333333,TRUE
1997-05-01,1.33333333333333,TRUE
1997-06-01,1.33333333333333,TRUE
1997-07-01,1.44010951403149,TRUE
1997-08-01,1.22655715263518,TRUE
1997-09-01,1.1937029431896,TRUE
1997-10-01,1.22655715263518,TRUE
1997-11-01,1.22655715263518,TRUE
1997-12-01,1.22655715263518,TRUE
1998-01-01,1.44010951403149,TRUE
1998-02-01,1.33333333333333,TRUE
1998-03-01,1.1937029431896,TRUE
1998-04-01,1.1937029431896,TRUE
1998-05-01,1.22655715263518,TRUE
1998-06-01,1.22655715263518,TRUE
1998-07-01,1.22655715263518,TRUE
1998-08-01,1.37029431895962,TRUE
1998-09-01,1.37029431895962,TRUE
1998-10-01,1.37029431895962,TRUE
1998-11-01,1.4154688569473,TRUE
1998-12-01,1.42778918548939,TRUE
1999-01-01,1.42778918548939,TRUE
1999-02-01,1.4154688569473,TRUE
1999-03-01,1.32511978097194,TRUE
1999-04-01,1.32511978097194,TRUE
1999-05-01,1.37029431895962,TRUE
1999-06-01,1.37029431895962,TRUE
1999-07-01,1.37029431895962,TRUE
1999-08-01,1.37029431895962,TRUE
1999-09-01,1.37029431895962,TRUE
1999-10-01,1.37029431895962,TRUE
1999-11-01,1.32511978097194,TRUE
1999-12-01,1.37029431895962,TRUE
2000-01-01,1.16084873374401,TRUE
2000-02-01,1.24298425735797,TRUE
2000-03-01,1.14989733059548,TRUE
2000-04-01,1.14989733059548,TRUE
2000-05-01,1.14989733059548,TRUE
2000-06-01,1.16769336071184,TRUE
2000-07-01,1.01026694045175,TRUE
2000-08-01,1.32511978097194,TRUE
2000-09-01,1.35797399041752,TRUE
2000-10-01,1.32511978097194,TRUE
2000-11-01,1.35797399041752,TRUE
2000-12-01,1.4031485284052,TRUE
2001-01-01,1.4154688569473,TRUE
2001-02-01,1.44558521560575,TRUE
2001-03-01,1.4757015742642,TRUE
2001-04-01,1.4757015742642,TRUE
2001-05-01,1.44558521560575,TRUE
2001-06-01,1.4757015742642,TRUE
2001-07-01,1.53182751540041,TRUE
2001-08-01,1.4757015742642,TRUE
2001-09-01,1.53182751540041,TRUE
2001-10-01,1.53182751540041,TRUE
2001-11-01,1.53182751540041,TRUE
2001-12-01,1.53182751540041,TRUE
2002-01-01,1.43326488706365,TRUE
2002-02-01,1.50034223134839,TRUE
2002-03-01,1.50034223134839,TRUE
2002-04-01,1.4880219028063,TRUE
2002-05-01,1.4757015742642,TRUE
2002-06-01,1.4757015742642,TRUE
2002-07-01,1.4757015742642,TRUE
2002-08-01,1.43189596167009,TRUE
2002-09-01,1.42368240930869,TRUE
2002-10-01,1.42368240930869,TRUE
2002-11-01,1.4072553045859,TRUE
2002-12-01,1.39082819986311,TRUE
2003-01-01,1.4072553045859,TRUE
2003-02-01,1.42368240930869,TRUE
2003-03-01,1.42368240930869,TRUE
2003-04-01,1.3429158110883,TRUE
2003-05-01,1.3429158110883,TRUE
2003-06-01,1.3429158110883,TRUE
2003-07-01,1.42368240930869,TRUE
2003-08-01,1.42368240930869,TRUE
2003-09-01,1.46748802190281,TRUE
2003-10-01,1.44010951403149,TRUE
2003-11-01,1.43189596167009,TRUE
2003-12-01,1.3429158110883,TRUE
2004-01-01,1.2621492128679,TRUE
2004-02-01,1.2621492128679,TRUE
2004-03-01,1.25530458590007,TRUE
2004-04-01,1.06502395619439,TRUE
2004-05-01,1.06913073237509,TRUE
2004-06-01,1.02121834360027,TRUE
2004-07-01,1.02121834360027,TRUE
2004-08-01,1.02121834360027,TRUE
2004-09-01,1.02121834360027,TRUE
2004-10-01,1.02121834360027,TRUE
2004-11-01,1.02121834360027,TRUE
2004-12-01,1.02121834360027,TRUE
2005-01-01,1.02121834360027,TRUE
2005-02-01,0.993839835728953,TRUE
2005-03-01,1.06502395619439,TRUE
2005-04-01,1.06502395619439,TRUE
2005-05-01,1.06502395619439,TRUE
2005-06-01,1.06502395619439,TRUE
2005-07-01,1.06502395619439,TRUE
2005-08-01,1.04585900068446,TRUE
2005-09-01,1.05954825462012,TRUE
2005-10-01,1.02121834360027,TRUE
2005-11-01,1.03353867214237,TRUE
2005-12-01,1.03353867214237,TRUE
2006-01-01,1.03353867214237,TRUE
2006-02-01,1.03353867214237,TRUE
2006-03-01,1.03353867214237,TRUE
2006-04-01,1.04585900068446,TRUE
2006-05-01,1.04585900068446,TRUE
2006-06-01,1.04585900068446,TRUE
2006-07-01,1.37166324435318,TRUE
2006-08-01,1.37166324435318,TRUE
2006-09-01,1.37166324435318,TRUE
2006-10-01,1.37166324435318,TRUE
2006-11-01,1.37166324435318,TRUE
2006-12-01,1.37166324435318,TRUE
2007-01-01,1.37166324435318,TRUE
2007-02-01,1.37166324435318,TRUE
2007-03-01,1.37166324435318,TRUE
2007-04-01,1.37166324435318,TRUE
2007-05-01,1.37166324435318,TRUE
2007-06-01,1.37166324435318,TRUE
2007-07-01,1.37166324435318,TRUE
2007-08-01,1.37166324435318,TRUE
2007-09-01,1.37166324435318,TRUE
2007-10-01,1.37166324435318,TRUE
2007-11-01,1.37166324435318,TRUE
2007-12-01,1.37166324435318,TRUE
2008-01-01,1.37166324435318,TRUE
2008-02-01,1.37166324435318,TRUE
2008-03-01,1.46475017111567,TRUE
2008-04-01,1.46475017111567,TRUE
2008-05-01,1.33607118412047,TRUE
2008-06-01,1.48939082819986,TRUE
2008-07-01,2.11635865845311,TRUE
2008-08-01,1.81519507186858,TRUE
2008-09-01,2.11635865845311,TRUE
2008-10-01,1.85626283367556,TRUE
2008-11-01,1.85626283367556,TRUE
2008-12-01,1.85626283367556,TRUE
2009-01-01,1.80150581793292,TRUE
2009-02-01,1.73032169746749,TRUE
2009-03-01,1.73032169746749,TRUE
2009-04-01,1.73032169746749,TRUE
2009-05-01,1.73032169746749,TRUE
2009-06-01,1.80150581793292,TRUE
2009-07-01,0.74880219028063,TRUE
2009-08-01,0.74880219028063,TRUE
2009-09-01,0.74880219028063,TRUE
2009-10-01,0.74880219028063,TRUE
2009-11-01,0.74880219028063,TRUE
2009-12-01,0.747433264887064,TRUE
2010-01-01,0.747433264887064,TRUE
2010-02-01,0.74880219028063,TRUE
2010-03-01,0.74880219028063,TRUE
2010-04-01,0.74880219028063,TRUE
2010-05-01,0.74880219028063,TRUE
2010-06-01,0.750171115674196,TRUE
2010-07-01,0.750171115674196,TRUE
2010-08-01,0.74880219028063,TRUE
2010-09-01,0.763860369609856,TRUE
2010-10-01,0.763860369609856,TRUE
2010-11-01,0.75564681724846,TRUE
2010-12-01,0.75564681724846,TRUE
2011-01-01,0.75564681724846,TRUE
2011-02-01,0.75564681724846,TRUE
2011-03-01,0.75564681724846,TRUE
2011-04-01,0.75564681724846,TRUE
2011-05-01,0.767967145790554,TRUE
2011-06-01,0.767967145790554,TRUE
2011-07-01,1.17316906228611,TRUE
2011-08-01,1.1772758384668,TRUE
2011-09-01,1.16769336071184,TRUE
2011-10-01,1.1772758384668,TRUE
2011-11-01,1.1772758384668,TRUE
2011-12-01,1.1772758384668,TRUE
2012-01-01,1.1772758384668,TRUE
2012-02-01,1.17316906228611,TRUE
2012-03-01,1.17316906228611,TRUE
2012-04-01,1.17316906228611,TRUE
2012-05-01,1.17316906228611,TRUE
2012-06-01,1.16906228610541,TRUE
2012-07-01,1.16769336071184,TRUE
2012-08-01,1.16769336071184,TRUE
2012-09-01,0.761122518822724,TRUE
2012-10-01,0.761122518822724,TRUE
2012-11-01,0.761122518822724,TRUE
2012-12-01,0.761122518822724,TRUE
2013-01-01,0.761122518822724,TRUE
2013-02-01,0.761122518822724,TRUE
2013-03-01,0.761122518822724,TRUE
2013-04-01,0.761122518822724,TRUE
2013-05-01,0.761122518822724,TRUE
2013-06-01,0.761122518822724,TRUE
2013-07-01,1.02395619438741,TRUE
2013-08-01,1.05133470225873,TRUE
2013-09-01,1.02395619438741,TRUE
2013-10-01,1.05133470225873,TRUE
2013-11-01,1.05544147843943,TRUE
2013-12-01,1.05544147843943,TRUE
2014-01-01,1.05544147843943,TRUE
2014-02-01,1.05544147843943,TRUE
2014-03-01,1.05133470225873,TRUE
2014-04-01,1.05133470225873,TRUE
2014-05-01,1.05133470225873,TRUE
2014-06-01,1.05133470225873,TRUE
2014-07-01,0.761122518822724,TRUE
2014-08-01,0.761122518822724,TRUE
2014-09-01,0.761122518822724,TRUE
2014-10-01,0.761122518822724,TRUE
2014-11-01,1.06091718001369,TRUE
2014-12-01,1.06091718001369,TRUE
2015-01-01,1.06091718001369,TRUE
2015-02-01,1.36618754277892,TRUE
2015-03-01,1.36618754277892,TRUE
2015-04-01,1.36618754277892,TRUE
2015-05-01,1.36618754277892,TRUE
2015-06-01,1.36618754277892,TRUE
2015-07-01,1.36618754277892,TRUE
2015-08-01,1.36618754277892,TRUE
2015-09-01,1.36618754277892,TRUE
2015-10-01,1.36618754277892,TRUE
2015-11-01,1.36618754277892,TRUE
2015-12-01,1.36618754277892,TRUE
2016-01-01,1.36618754277892,TRUE
2016-02-01,1.36618754277892,TRUE
2016-03-01,1.36618754277892,TRUE
2016-04-01,1.75633127994524,TRUE
2016-05-01,2.14647501711157,TRUE
2016-06-01,2.14647501711157,TRUE
2016-07-01,3.37303216974675,TRUE
2016-08-01,3.37303216974675,TRUE
2016-09-01,3.37303216974675,TRUE
2016-10-01,3.37303216974675,TRUE
2016-11-01,3.37303216974675,TRUE
2016-12-01,3.37303216974675,TRUE
2017-01-01,3.37303216974675,TRUE
2017-02-01,3.37303216974675,TRUE
2017-03-01,3.37303216974675,TRUE
2017-04-01,3.37303216974675,TRUE
2017-05-01,3.37303216974675,TRUE
2017-06-01,3.23066392881588,TRUE
2017-07-01,3.23066392881588,TRUE
2017-08-01,3.23066392881588,TRUE
2017-09-01,3.23066392881588,TRUE
2017-10-01,3.23066392881588,TRUE
2017-11-01,0.766598220396988,TRUE
2017-12-01,0.766598220396988,TRUE
2018-01-01,0.766598220396988,TRUE
2018-02-01,0.661190965092402,TRUE
2018-03-01,0.514715947980835,TRUE
2018-04-01,0.514715947980835,TRUE
2018-05-01,0.514715947980835,TRUE
2018-06-01,0.514715947980835,TRUE
2018-07-01,0.514715947980835,TRUE
2018-08-01,0.514715947980835,TRUE
2018-09-01,0.514715947980835,TRUE
2018-10-01,0.514715947980835,TRUE
2018-11-01,0.514715947980835,TRUE
2018-12-01,0.514715947980835,TRUE
2019-01-01,0.535249828884326,TRUE
2019-02-01,0.555783709787817,TRUE
2019-03-01,0.555783709787817,TRUE
2019-04-01,0.555783709787817,TRUE
2019-05-01,0.555783709787817,TRUE
2019-06-01,0.535249828884326,TRUE
2019-07-01,0.555783709787817,TRUE
2019-08-01,0.555783709787817,TRUE
2019-09-01,0.555783709787817,TRUE
2019-10-01,0.555783709787817,TRUE
2019-11-01,0.555783709787817,TRUE
2019-12-01,0.576317590691307,TRUE
2020-01-01,0.555783709787817,TRUE
2020-02-01,0.576317590691307,TRUE
2020-03-01,0.576317590691307,TRUE
2020-04-01,0.576317590691307,TRUE
2020-05-01,0.576317590691307,TRUE
2020-06-01,1.13347022587269,TRUE
2020-07-01,1.13347022587269,TRUE
2020-08-01,1.13347022587269,TRUE
2020-09-01,1.15126625598905,TRUE
2020-10-01,1.16906228610541,TRUE
2020-11-01,1.16906228610541,TRUE
2020-12-01,1.16906228610541,TRUE
2021-01-01,1.16906228610541,TRUE
2021-02-01,1.21697467488022,TRUE
2021-03-01,1.44147843942505,TRUE
2021-04-01,1.44147843942505,TRUE
2021-05-01,1.44147843942505,TRUE
2021-06-01,1.37440109514031,TRUE
2021-07-01,1.37440109514031,TRUE
2021-08-01,1.44147843942505,TRUE
2021-09-01,1.50855578370979,TRUE
2021-10-01,1.98083504449008,TRUE
2021-11-01,2.12731006160164,TRUE
2021-12-01,2.12731006160164,TRUE
2022-01-01,1.98083504449008,TRUE
2022-02-01,1.98083504449008,TRUE
2022-03-01,1.98083504449008,TRUE
2022-04-01,1.86173853524983,TRUE
2022-05-01,1.86173853524983,TRUE
2022-06-01,2.12731006160164,TRUE
2022-07-01,2.40520191649555,TRUE
2022-08-01,2.40520191649555,TRUE
2022-09-01,2.12731006160164,TRUE
2022-10-01,2.12731006160164,TRUE
2022-11-01,2.12731006160164,TRUE
2022-12-01,1.84804928131417,TRUE
2023-01-01,1.84804928131417,TRUE
2023-02-01,1.86173853524983,TRUE
2023-03-01,1.86173853524983,TRUE
2023-04-01,1.64681724845996,TRUE
2023-05-01,1.64681724845996,TRUE
2023-06-01,1.10609171800137,TRUE
2023-07-01,0.98425735797399,TRUE
2023-08-01,0.98425735797399,TRUE
2023-09-01,0.98425735797399,TRUE
2023-10-01,0.862422997946612,TRUE
2023-11-01,0.862422997946612,TRUE
2023-12-01,0.862422997946612,TRUE
2024-01-01,0.862422997946612,TRUE
2024-02-01,0.862422997946612,TRUE
2024-03-01,0.862422997946612,TRUE
2024-04-01,0.862422997946612,TRUE
2024-05-01,0.862422997946612,TRUE
2024-06-01,0.862422997946612,TRUE
2024-07-01,0.862422997946612,TRUE
2024-08-01,0.861054072553046,TRUE
2024-09-01,0.861054072553046,TRUE
2024-10-01,0.757015742642026,TRUE
2024-11-01,0.757015742642026,TRUE
2024-12-01,0.757015742642026,TRUE
2025-01-01,0.757015742642026,TRUE
2025-02-01,0.654346338124572,FALSE
2025-03-01,0.654346338124572,FALSE
2025-04-01,0.636550308008214,FALSE
2025-05-01,0.636550308008214,FALSE
2025-06-01,0.618754277891855,FALSE
2025-07-01,0.618754277891855,FALSE
2025-08-01,0.618754277891855,FALSE
2025-09-01,0.636550308008214,FALSE
2025-10-01,0.636550308008214,FALSE
2025-11-01,0.636550308008214,FALSE
2025-12-01,0.757015742642026,FALSE
2026-01-01,0.757015742642026,FALSE
2026-02-01,0.757015742642026,FALSE
2026-03-01,0.757015742642026,FALSE
2026-04-01,0.501026694045175,FALSE
2026-05-01,0.501026694045175,FALSE
2026-06-01,0.501026694045175,FALSE
2026-07-01,0.499657768651608,FALSE
