"d","med","avg","mature"
1993-01-01,1.29911019849418,1.70269873863303,TRUE
1993-02-01,1.23477070499658,1.68786099403197,TRUE
1993-03-01,1.23477070499658,1.68786099403197,TRUE
1993-04-01,1.36344969199179,1.72823350618917,TRUE
1993-05-01,1.36344969199179,1.72823350618917,TRUE
1993-06-01,1.29911019849418,1.70992470910335,TRUE
1993-07-01,1.29911019849418,1.70992470910335,TRUE
1993-08-01,1.29911019849418,1.70992470910335,TRUE
1993-09-01,1.29911019849418,1.70992470910335,TRUE
1993-10-01,1.29911019849418,1.70992470910335,TRUE
1993-11-01,1.29911019849418,1.70992470910335,TRUE
1993-12-01,1.29911019849418,1.70992470910335,TRUE
1994-01-01,1.19096509240246,1.68307169194763,TRUE
1994-02-01,1.19096509240246,1.72236481861739,TRUE
1994-03-01,1.65092402464066,1.74481620163466,TRUE
1994-04-01,1.35797399041752,1.73194412756357,TRUE
1994-05-01,1.06091718001369,1.65503080082136,TRUE
1994-06-01,1.06091718001369,1.65503080082136,TRUE
1994-07-01,1.05681040383299,1.63728845405376,TRUE
1994-08-01,1.05681040383299,1.63728845405376,TRUE
1994-09-01,1.35797399041752,1.73497604380561,TRUE
1994-10-01,1.65092402464066,1.78735054684201,TRUE
1994-11-01,1.35797399041752,1.75633127994524,TRUE
1994-12-01,1.06502395619439,1.72356088225845,TRUE
1995-01-01,1.06502395619439,1.72356088225845,TRUE
1995-02-01,1.06502395619439,1.69542654470786,TRUE
1995-03-01,1.30595482546201,1.7282919115391,TRUE
1995-04-01,1.54688569472964,1.75721988063931,TRUE
1995-05-01,1.30595482546201,1.6972568841152,TRUE
1995-06-01,1.06502395619439,1.69617908765149,TRUE
1995-07-01,1.06091718001369,1.67748117727584,TRUE
1995-08-01,1.06502395619439,1.69908784869184,TRUE
1995-09-01,1.06502395619439,1.69908784869184,TRUE
1995-10-01,1.06502395619439,1.69908784869184,TRUE
1995-11-01,1.564681724846,1.75644079397673,TRUE
1995-12-01,1.564681724846,1.75644079397673,TRUE
1996-01-01,1.564681724846,1.80361185699995,TRUE
1996-02-01,1.564681724846,1.80361185699995,TRUE
1996-03-01,1.48665297741273,1.78218290949297,TRUE
1996-04-01,1.53319644079398,1.80086161774772,TRUE
1996-05-01,1.54688569472964,1.8562069591697,TRUE
1996-06-01,1.54688569472964,1.8562069591697,TRUE
1996-07-01,1.54688569472964,1.8562069591697,TRUE
1996-08-01,1.53319644079398,1.82131497362805,TRUE
1996-09-01,1.48665297741273,1.80261148844311,TRUE
1996-10-01,1.53319644079398,1.83828600209213,TRUE
1996-11-01,1.53319644079398,1.83828600209213,TRUE
1996-12-01,1.53319644079398,1.83828600209213,TRUE
1997-01-01,1.53319644079398,1.84896189824321,TRUE
1997-02-01,1.48665297741273,1.83748117727584,TRUE
1997-03-01,1.33333333333333,1.79625827059092,TRUE
1997-04-01,1.33333333333333,1.79625827059092,TRUE
1997-05-01,1.44010951403149,1.79323639106567,TRUE
1997-06-01,1.44010951403149,1.75863223964932,TRUE
1997-07-01,1.4154688569473,1.7680610916509,TRUE
1997-08-01,1.4154688569473,1.79220745676908,TRUE
1997-09-01,1.4154688569473,1.79220745676908,TRUE
1997-10-01,1.4154688569473,1.79220745676908,TRUE
1997-11-01,1.4154688569473,1.79220745676908,TRUE
1997-12-01,1.4154688569473,1.79220745676908,TRUE
1998-01-01,1.4154688569473,1.79220745676908,TRUE
1998-02-01,1.27583846680356,1.71600501939311,TRUE
1998-03-01,1.27583846680356,1.71640428929957,TRUE
1998-04-01,1.1937029431896,1.66586316697914,TRUE
1998-05-01,1.22655715263518,1.6924578036029,TRUE
1998-06-01,1.22655715263518,1.6924578036029,TRUE
1998-07-01,1.27583846680356,1.71556111061512,TRUE
1998-08-01,1.27583846680356,1.71556111061512,TRUE
1998-09-01,1.27583846680356,1.71556111061512,TRUE
1998-10-01,1.27583846680356,1.70921743098334,TRUE
1998-11-01,1.27583846680356,1.70921743098334,TRUE
1998-12-01,1.32511978097194,1.74948665297741,TRUE
1999-01-01,1.37029431895962,1.74439425051335,TRUE
1999-02-01,1.39082819986311,1.68835994356675,TRUE
1999-03-01,1.35797399041752,1.68440565822496,TRUE
1999-04-01,1.35797399041752,1.68720054757016,TRUE
1999-05-01,1.35797399041752,1.68720054757016,TRUE
1999-06-01,1.35797399041752,1.6709222390858,TRUE
1999-07-01,1.32511978097194,1.65482691831593,TRUE
1999-08-01,1.32511978097194,1.65482691831593,TRUE
1999-09-01,1.32511978097194,1.61192486120618,TRUE
1999-10-01,1.32511978097194,1.61192486120618,TRUE
1999-11-01,1.39082819986311,1.64374477146551,TRUE
1999-12-01,1.42778918548939,1.7218700711246,TRUE
2000-01-01,1.44010951403149,1.71902078145252,TRUE
2000-02-01,1.44010951403149,1.75609756097561,TRUE
2000-03-01,1.42778918548939,1.71072444972802,TRUE
2000-04-01,1.42778918548939,1.71072444972802,TRUE
2000-05-01,1.42778918548939,1.71072444972802,TRUE
2000-06-01,1.44010951403149,1.70282150733896,TRUE
2000-07-01,1.44010951403149,1.70282150733896,TRUE
2000-08-01,1.44010951403149,1.70282150733896,TRUE
2000-09-01,1.44010951403149,1.70282150733896,TRUE
2000-10-01,1.44010951403149,1.70282150733896,TRUE
2000-11-01,1.42778918548939,1.69668524493987,TRUE
2000-12-01,1.42778918548939,1.69668524493987,TRUE
2001-01-01,1.35797399041752,1.58671490499006,TRUE
2001-02-01,1.4031485284052,1.58409557588202,TRUE
2001-03-01,1.4154688569473,1.59393852569919,TRUE
2001-04-01,1.41957563312799,1.59006906850849,TRUE
2001-05-01,1.41957563312799,1.59006906850849,TRUE
2001-06-01,1.41957563312799,1.59006906850849,TRUE
2001-07-01,1.41957563312799,1.59006906850849,TRUE
2001-08-01,1.4154688569473,1.57986158643243,TRUE
2001-09-01,1.4154688569473,1.58308616624838,TRUE
2001-10-01,1.4031485284052,1.53512538112127,TRUE
2001-11-01,1.39082819986311,1.51902045782949,TRUE
2001-12-01,1.39082819986311,1.51902045782949,TRUE
2002-01-01,1.39082819986311,1.51902045782949,TRUE
2002-02-01,1.4031485284052,1.54265447078589,TRUE
2002-03-01,1.4154688569473,1.57057128758576,TRUE
2002-04-01,1.4031485284052,1.54309003795657,TRUE
2002-05-01,1.39082819986311,1.54064594177292,TRUE
2002-06-01,1.39082819986311,1.54064594177292,TRUE
2002-07-01,1.35797399041752,1.48110882956879,TRUE
2002-08-01,1.32511978097194,1.448027082524,TRUE
2002-09-01,1.42368240930869,1.42642026009582,TRUE
2002-10-01,1.4072553045859,1.40953684690851,TRUE
2002-11-01,1.4072553045859,1.40953684690851,TRUE
2002-12-01,1.4072553045859,1.40953684690851,TRUE
2003-01-01,1.4072553045859,1.40953684690851,TRUE
2003-02-01,1.42368240930869,1.4239406971188,TRUE
2003-03-01,1.42368240930869,1.42554208154146,TRUE
2003-04-01,1.24845995893224,1.36999269133053,TRUE
2003-05-01,1.1813826146475,1.34049737622633,TRUE
2003-06-01,1.1813826146475,1.34049737622633,TRUE
2003-07-01,1.1813826146475,1.34049737622633,TRUE
2003-08-01,1.1813826146475,1.34049737622633,TRUE
2003-09-01,1.1813826146475,1.34049737622633,TRUE
2003-10-01,1.1813826146475,1.33281408577026,TRUE
2003-11-01,1.1813826146475,1.33281408577026,TRUE
2003-12-01,1.11430527036277,1.29159311694706,TRUE
2004-01-01,1.1813826146475,1.30316627373438,TRUE
2004-02-01,1.11430527036277,1.30151227512818,TRUE
2004-03-01,1.37166324435318,1.31913073237509,TRUE
2004-04-01,1.37166324435318,1.31913073237509,TRUE
2004-05-01,1.37166324435318,1.31913073237509,TRUE
2004-06-01,1.25530458590007,1.30524962147139,TRUE
2004-07-01,1.25530458590007,1.30678447721569,TRUE
2004-08-01,1.24845995893224,1.28928254007172,TRUE
2004-09-01,1.24845995893224,1.28928254007172,TRUE
2004-10-01,1.1211498973306,1.25085557837098,TRUE
2004-11-01,1.11430527036277,1.24410253444004,TRUE
2004-12-01,1.07323750855578,1.20207521153865,TRUE
2005-01-01,1.06913073237509,1.19640053146515,TRUE
2005-02-01,1.06913073237509,1.19640053146515,TRUE
2005-03-01,1.06913073237509,1.19640053146515,TRUE
2005-04-01,1.06913073237509,1.19640053146515,TRUE
2005-05-01,1.06913073237509,1.19640053146515,TRUE
2005-06-01,1.04585900068446,1.14320979342691,TRUE
2005-07-01,1.37166324435318,1.3658157358819,TRUE
2005-08-01,1.37166324435318,1.3658157358819,TRUE
2005-09-01,1.37166324435318,1.3658157358819,TRUE
2005-10-01,1.37166324435318,1.3658157358819,TRUE
2005-11-01,1.37166324435318,1.3658157358819,TRUE
2005-12-01,1.37166324435318,1.3658157358819,TRUE
2006-01-01,1.37166324435318,1.38334243062234,TRUE
2006-02-01,1.37166324435318,1.37955678818102,TRUE
2006-03-01,1.37166324435318,1.37876004178825,TRUE
2006-04-01,1.37166324435318,1.37816107688798,TRUE
2006-05-01,1.37166324435318,1.37816107688798,TRUE
2006-06-01,1.37166324435318,1.37816107688798,TRUE
2006-07-01,1.37166324435318,1.37816107688798,TRUE
2006-08-01,1.37166324435318,1.39303369077496,TRUE
2006-09-01,1.37166324435318,1.39865613943758,TRUE
2006-10-01,1.37166324435318,1.38759601490608,TRUE
2006-11-01,1.37166324435318,1.38915506882653,TRUE
2006-12-01,1.37166324435318,1.38915506882653,TRUE
2007-01-01,1.37166324435318,1.37155225040235,TRUE
2007-02-01,1.37166324435318,1.37155225040235,TRUE
2007-03-01,1.37166324435318,1.37155225040235,TRUE
2007-04-01,1.37166324435318,1.38539000309415,TRUE
2007-05-01,1.37166324435318,1.37232920805816,TRUE
2007-06-01,1.37166324435318,1.37232920805816,TRUE
2007-07-01,1.37166324435318,1.37232920805816,TRUE
2007-08-01,1.37166324435318,1.35552817704768,TRUE
2007-09-01,1.18822724161533,1.3502796856192,TRUE
2007-10-01,1.14852840520192,1.41627617192299,TRUE
2007-11-01,1.14852840520192,1.41627617192299,TRUE
2007-12-01,1.14852840520192,1.41627617192299,TRUE
2008-01-01,1.14852840520192,1.40937713894593,TRUE
2008-02-01,1.12799452429843,1.39620249955637,TRUE
2008-03-01,1.14852840520192,1.40164271047228,TRUE
2008-04-01,1.37166324435318,1.44399430231052,TRUE
2008-05-01,1.37166324435318,1.44915963191117,TRUE
2008-06-01,1.37166324435318,1.45702418122322,TRUE
2008-07-01,1.37166324435318,1.44242615700521,TRUE
2008-08-01,1.37166324435318,1.44242615700521,TRUE
2008-09-01,1.37166324435318,1.44242615700521,TRUE
2008-10-01,1.37166324435318,1.44242615700521,TRUE
2008-11-01,1.37166324435318,1.44242615700521,TRUE
2008-12-01,1.37166324435318,1.43338618425043,TRUE
2009-01-01,1.37166324435318,1.43338618425043,TRUE
2009-02-01,1.37166324435318,1.43364134154689,TRUE
2009-03-01,1.16906228610541,1.43836363816723,TRUE
2009-04-01,1.16906228610541,1.43836363816723,TRUE
2009-05-01,1.16906228610541,1.43836363816723,TRUE
2009-06-01,1.19507186858316,1.46003945726134,TRUE
2009-07-01,1.45379876796715,1.47961880692887,TRUE
2009-08-01,1.3305954825462,1.45865223072615,TRUE
2009-09-01,1.45927446954141,1.4858879896928,TRUE
2009-10-01,1.58658453114305,1.53306810403833,TRUE
2009-11-01,1.51403148528405,1.51992839467172,TRUE
2009-12-01,1.51403148528405,1.51992839467172,TRUE
2010-01-01,1.51403148528405,1.51992839467172,TRUE
2010-02-01,1.51403148528405,1.51992839467172,TRUE
2010-03-01,1.51403148528405,1.51992839467172,TRUE
2010-04-01,1.51403148528405,1.51992839467172,TRUE
2010-05-01,1.51403148528405,1.51992839467172,TRUE
2010-06-01,1.51403148528405,1.51992839467172,TRUE
2010-07-01,0.922655715263518,1.25458278887437,TRUE
2010-08-01,0.922655715263518,1.25458278887437,TRUE
2010-09-01,1.02395619438741,1.24326748330147,TRUE
2010-10-01,1.02395619438741,1.24326748330147,TRUE
2010-11-01,1.02395619438741,1.24326748330147,TRUE
2010-12-01,1.02395619438741,1.24326748330147,TRUE
2011-01-01,1.02395619438741,1.24326748330147,TRUE
2011-02-01,0.959616700889802,1.22354551676934,TRUE
2011-03-01,0.959616700889802,1.22354551676934,TRUE
2011-04-01,0.959616700889802,1.22354551676934,TRUE
2011-05-01,0.959616700889802,1.22354551676934,TRUE
2011-06-01,0.959616700889802,1.22354551676934,TRUE
2011-07-01,0.959616700889802,1.22354551676934,TRUE
2011-08-01,0.959616700889802,1.22354551676934,TRUE
2011-09-01,0.761122518822724,1.24215250522011,TRUE
2011-10-01,0.761122518822724,1.2379937445308,TRUE
2011-11-01,0.761122518822724,1.24203653977781,TRUE
2011-12-01,0.761122518822724,1.24203653977781,TRUE
2012-01-01,0.761122518822724,1.30645261651422,TRUE
2012-02-01,0.761122518822724,1.29331859105986,TRUE
2012-03-01,0.761122518822724,1.29331859105986,TRUE
2012-04-01,0.761122518822724,1.26430527036277,TRUE
2012-05-01,0.761122518822724,1.30554921793799,TRUE
2012-06-01,0.761122518822724,1.30554921793799,TRUE
2012-07-01,0.936344969199179,1.41316789724322,TRUE
2012-08-01,0.996577686516085,1.42715624149022,TRUE
2012-09-01,0.996577686516085,1.42715624149022,TRUE
2012-10-01,1.05544147843943,1.3896874287018,TRUE
2012-11-01,1.05544147843943,1.3896874287018,TRUE
2012-12-01,1.05544147843943,1.3896874287018,TRUE
2013-01-01,1.05544147843943,1.3968123594407,TRUE
2013-02-01,1.05954825462012,1.41209614220953,TRUE
2013-03-01,1.05544147843943,1.39849418206708,TRUE
2013-04-01,1.05544147843943,1.39849418206708,TRUE
2013-05-01,1.05544147843943,1.39849418206708,TRUE
2013-06-01,1.05133470225873,1.38943943497108,TRUE
2013-07-01,1.02395619438741,1.40195071868583,TRUE
2013-08-01,1.02395619438741,1.40195071868583,TRUE
2013-09-01,0.996577686516085,1.38337282156584,TRUE
2013-10-01,0.996577686516085,1.38337282156584,TRUE
2013-11-01,1.17316906228611,1.60694290879096,TRUE
2013-12-01,1.1772758384668,1.6183542672249,TRUE
2014-01-01,1.1772758384668,1.6183542672249,TRUE
2014-02-01,1.1772758384668,1.63958149995111,TRUE
2014-03-01,1.1772758384668,1.63958149995111,TRUE
2014-04-01,1.1772758384668,1.63958149995111,TRUE
2014-05-01,1.1772758384668,1.63958149995111,TRUE
2014-06-01,1.17316906228611,1.63100255772902,TRUE
2014-07-01,1.17316906228611,1.63100255772902,TRUE
2014-08-01,1.1772758384668,1.65147159479808,TRUE
2014-09-01,1.17316906228611,1.65217887291809,TRUE
2014-10-01,1.1772758384668,1.66480608496978,TRUE
2014-11-01,1.1772758384668,1.67888921482351,TRUE
2014-12-01,1.1772758384668,1.67888921482351,TRUE
2015-01-01,1.1772758384668,1.67888921482351,TRUE
2015-02-01,1.1772758384668,1.67888921482351,TRUE
2015-03-01,1.1772758384668,1.67888921482351,TRUE
2015-04-01,1.1772758384668,1.67888921482351,TRUE
2015-05-01,1.1772758384668,1.67888921482351,TRUE
2015-06-01,1.1772758384668,1.67888921482351,TRUE
2015-07-01,1.05544147843943,1.77367100159708,TRUE
2015-08-01,1.05544147843943,1.77367100159708,TRUE
2015-09-01,1.36071184120465,1.8125052535514,TRUE
2015-10-01,1.36071184120465,1.8125052535514,TRUE
2015-11-01,1.36071184120465,1.8125052535514,TRUE
2015-12-01,1.36071184120465,1.8125052535514,TRUE
2016-01-01,1.36344969199179,1.81127711298355,TRUE
2016-02-01,1.36618754277892,1.85269384961377,TRUE
2016-03-01,1.36618754277892,1.85269384961377,TRUE
2016-04-01,1.36618754277892,1.85269384961377,TRUE
2016-05-01,1.36618754277892,1.85269384961377,TRUE
2016-06-01,1.36344969199179,1.8055653897897,TRUE
2016-07-01,1.36344969199179,1.8055653897897,TRUE
2016-08-01,1.36344969199179,1.8055653897897,TRUE
2016-09-01,1.36618754277892,2.01403148528405,TRUE
2016-10-01,1.36618754277892,2.05865318801664,TRUE
2016-11-01,1.36618754277892,2.05865318801664,TRUE
2016-12-01,1.36618754277892,2.05865318801664,TRUE
2017-01-01,1.36618754277892,1.97615187866998,TRUE
2017-02-01,1.36618754277892,2.02193980428067,TRUE
2017-03-01,1.36618754277892,1.83350109379823,TRUE
2017-04-01,1.36618754277892,1.8682546201232,TRUE
2017-05-01,1.36618754277892,1.87700059708448,TRUE
2017-06-01,1.36618754277892,1.87700059708448,TRUE
2017-07-01,0.661190965092402,1.79796271691428,TRUE
2017-08-01,0.661190965092402,1.79796271691428,TRUE
2017-09-01,0.555783709787817,1.74886085851178,TRUE
2017-10-01,0.776180698151951,1.72834436078789,TRUE
2017-11-01,0.766598220396988,1.70777176280256,TRUE
2017-12-01,0.766598220396988,1.70777176280256,TRUE
2018-01-01,0.959616700889801,1.74443579031839,TRUE
2018-02-01,1.13347022587269,1.73691110105686,TRUE
2018-03-01,1.15126625598905,1.75892751776063,TRUE
2018-04-01,1.15126625598905,1.75892751776063,TRUE
2018-05-01,1.15126625598905,1.75892751776063,TRUE
2018-06-01,1.13347022587269,1.73055371872063,TRUE
2018-07-01,1.15126625598905,1.72347707049966,TRUE
2018-08-01,1.15126625598905,1.72347707049966,TRUE
2018-09-01,1.16906228610541,1.74854411418184,TRUE
2018-10-01,1.16906228610541,1.74854411418184,TRUE
2018-11-01,0.576317590691307,1.50915811088296,TRUE
2018-12-01,0.596851471594798,1.58568052380768,TRUE
2019-01-01,0.596851471594798,1.58568052380768,TRUE
2019-02-01,0.596851471594798,1.55587411052135,TRUE
2019-03-01,0.596851471594798,1.55587411052135,TRUE
2019-04-01,0.596851471594798,1.55587411052135,TRUE
2019-05-01,0.596851471594798,1.55587411052135,TRUE
2019-06-01,0.959616700889801,1.63855649177465,TRUE
2019-07-01,0.959616700889801,1.63855649177465,TRUE
2019-08-01,0.959616700889801,1.63855649177465,TRUE
2019-09-01,0.959616700889801,1.63855649177465,TRUE
2019-10-01,1.13347022587269,1.64684045058527,TRUE
2019-11-01,1.13347022587269,1.64684045058527,TRUE
2019-12-01,1.13347022587269,1.64684045058527,TRUE
2020-01-01,1.13347022587269,1.64684045058527,TRUE
2020-02-01,1.15126625598905,1.66931325576089,TRUE
2020-03-01,1.15126625598905,1.66931325576089,TRUE
2020-04-01,1.15126625598905,1.66931325576089,TRUE
2020-05-01,1.15126625598905,1.66931325576089,TRUE
2020-06-01,1.13347022587269,1.64315930027715,TRUE
2020-07-01,1.13347022587269,1.64315930027715,TRUE
2020-08-01,1.15126625598905,1.6729593075887,TRUE
2020-09-01,1.15126625598905,1.6729593075887,TRUE
2020-10-01,1.21697467488022,1.695371321013,TRUE
2020-11-01,1.21697467488022,1.695371321013,TRUE
2020-12-01,1.21697467488022,1.695371321013,TRUE
2021-01-01,1.16906228610541,1.69464272133677,TRUE
2021-02-01,1.15126625598905,1.68544661190965,TRUE
2021-03-01,1.15126625598905,1.68544661190965,TRUE
2021-04-01,1.16906228610541,1.68815879534565,TRUE
2021-05-01,1.16906228610541,1.68815879534565,TRUE
2021-06-01,1.28268309377139,1.74127310061602,TRUE
2021-07-01,1.28268309377139,1.74127310061602,TRUE
2021-08-01,1.28268309377139,1.74127310061602,TRUE
2021-09-01,1.28268309377139,1.74152977412731,TRUE
2021-10-01,1.28268309377139,1.74152977412731,TRUE
2021-11-01,1.28268309377139,1.74152977412731,TRUE
2021-12-01,1.21697467488022,1.69842158753863,TRUE
2022-01-01,1.21697467488022,1.69842158753863,TRUE
2022-02-01,1.21697467488022,1.69842158753863,TRUE
2022-03-01,1.41683778234086,1.79613541831201,TRUE
2022-04-01,1.37166324435318,1.69715330842338,TRUE
2022-05-01,1.37166324435318,1.69715330842338,TRUE
2022-06-01,1.37166324435318,1.69715330842338,TRUE
2022-07-01,1.33607118412047,1.67975977567287,TRUE
2022-08-01,1.33607118412047,1.67975977567287,TRUE
2022-09-01,1.37166324435318,1.70599521998182,TRUE
2022-10-01,1.41683778234086,1.71298197581565,TRUE
2022-11-01,1.45927446954141,1.74020467104055,TRUE
2022-12-01,1.45927446954141,1.74020467104055,TRUE
2023-01-01,1.4154688569473,1.68680427969307,TRUE
2023-02-01,1.05133470225873,1.52193391823782,TRUE
2023-03-01,1.05133470225873,1.52193391823782,TRUE
2023-04-01,1.05133470225873,1.52193391823782,TRUE
2023-05-01,1.05133470225873,1.52193391823782,TRUE
2023-06-01,0.996577686516085,1.50417522245038,TRUE
2023-07-01,0.996577686516085,1.4984518105668,TRUE
2023-08-01,0.966461327857632,1.43189596167009,TRUE
2023-09-01,0.966461327857632,1.43189596167009,TRUE
2023-10-01,0.966461327857632,1.43189596167009,TRUE
2023-11-01,0.966461327857632,1.4003788421438,TRUE
2023-12-01,0.914442162902122,1.29082819986311,TRUE
2024-01-01,0.914442162902122,1.29082819986311,TRUE
2024-02-01,0.862422997946612,1.28524544130294,FALSE
2024-03-01,0.862422997946612,1.28524544130294,FALSE
2024-04-01,0.862422997946612,1.28524544130294,FALSE
2024-05-01,0.862422997946612,1.28524544130294,FALSE
2024-06-01,0.862422997946612,1.1044006925152,FALSE
2024-07-01,0.862422997946612,1.1044006925152,FALSE
2024-08-01,0.862422997946612,1.1044006925152,FALSE
2024-09-01,0.862422997946612,1.1044006925152,FALSE
2024-10-01,0.862422997946612,1.07340343890652,FALSE
2024-11-01,0.862422997946612,1.07340343890652,FALSE
2024-12-01,0.862422997946612,1.07340343890652,FALSE
2025-01-01,0.862422997946612,1.07340343890652,FALSE
2025-02-01,0.861054072553046,1.01334702258727,FALSE
2025-03-01,0.861054072553046,1.01334702258727,FALSE
2025-04-01,0.861054072553046,1.01334702258727,FALSE
2025-05-01,0.861054072553046,1.01334702258727,FALSE
2025-06-01,0.862422997946612,1.04365105650129,FALSE
2025-07-01,0.862422997946612,1.04365105650129,FALSE
2025-08-01,0.861054072553046,0.96208076659822,FALSE
2025-09-01,0.861054072553046,0.96208076659822,FALSE
2025-10-01,0.757015742642026,0.860076268700499,FALSE
2025-11-01,0.757015742642026,0.860076268700499,FALSE
2025-12-01,0.757015742642026,0.860076268700499,FALSE
2026-01-01,0.757015742642026,0.860076268700499,FALSE
2026-02-01,0.654346338124572,0.850964585393059,FALSE
2026-03-01,0.654346338124572,0.850964585393059,FALSE
2026-04-01,0.636550308008214,0.812088664244722,FALSE
2026-05-01,0.636550308008214,0.812088664244722,FALSE
2026-06-01,0.618754277891855,0.737248459958932,FALSE
2026-07-01,0.618754277891855,0.737248459958932,FALSE
