"name_en","ministry_en","lineage","start","end","president","acting","still_in","runway","years","over","place"
"Anatolii Zlenko","Foreign Affairs","foreign",1991-08-24,1994-08-25,"kravchuk",FALSE,FALSE,1.1088295687885,3.00342231348392,1.89459274469541,"outlived it"
"Hennadii Udovenko","Foreign Affairs","foreign",1994-08-25,1998-04-17,"kuchma",FALSE,FALSE,0.528405201916496,3.64407939767283,3.11567419575633,"outlived it"
"Borys Tarasyuk","Foreign Affairs","foreign",1998-04-17,2000-09-29,"kuchma",FALSE,FALSE,1.68104038329911,2.45311430527036,0.772073921971252,"outlived it"
"Anatolii Zlenko","Foreign Affairs","foreign",2000-10-02,2003-09-02,"kuchma",FALSE,FALSE,0.654346338124572,2.91581108829569,2.26146475017112,"outlived it"
"Kostjantyn Hryščenko","Foreign Affairs","foreign",2003-09-02,2005-02-03,"kuchma",FALSE,FALSE,1.34428473648186,1.42368240930869,0.0793976728268309,"outlived it"
"Borys Tarasyuk","Foreign Affairs","foreign",2005-02-04,2007-01-30,"yushchenko",FALSE,FALSE,0.591375770020534,1.98494182067077,1.39356605065024,"outlived it"
"Volodymyr Ohryzko","Foreign Affairs","foreign",2007-01-31,2007-03-21,"yushchenko",TRUE,FALSE,0.878850102669405,0.134154688569473,-0.744695414099932,"left early"
"Arsenii Yatseniuk","Foreign Affairs","foreign",2007-03-21,2007-12-04,"yushchenko",FALSE,FALSE,0.744695414099932,0.706365503080082,-0.0383299110198494,"left with it"
"Volodymyr Ohryzko","Foreign Affairs","foreign",2007-12-18,2009-03-03,"yushchenko",FALSE,FALSE,2.22861054072553,1.20739219712526,-1.02121834360027,"left early"
"Volodymyr Khandohiy","Foreign Affairs","foreign",2009-03-03,2009-10-09,"yushchenko",FALSE,FALSE,1.02121834360027,0.602327173169062,-0.418891170431211,"left early"
"Petro Poroshenko","Foreign Affairs","foreign",2009-10-09,2010-03-11,"yushchenko",FALSE,FALSE,0.418891170431211,0.418891170431211,0,"left with it"
"Kostjantyn Hryščenko","Foreign Affairs","foreign",2010-03-11,2012-12-24,"yanukovych",FALSE,FALSE,2.78986995208761,2.78986995208761,0,"left with it"
"Leonid Kožara","Foreign Affairs","foreign",2012-12-24,2014-02-23,"yanukovych",FALSE,FALSE,1.09514031485284,1.16632443531828,0.0711841204654347,"outlived it"
"Andriy Deshchytsya","Foreign Affairs","foreign",2014-02-27,2014-06-19,"poroshenko",FALSE,FALSE,0.761122518822724,0.306639288158795,-0.454483230663929,"left early"
"Pavlo Klimkin","Foreign Affairs","foreign",2014-06-19,2019-08-29,"poroshenko",FALSE,FALSE,0.454483230663929,5.1937029431896,4.73921971252567,"outlived it"
"Vadym Prystaiko","Foreign Affairs","foreign",2019-08-29,2020-03-04,"zelensky",FALSE,FALSE,0.514715947980835,0.514715947980835,0,"left with it"
"Dmytro Kuleba","Foreign Affairs","foreign",2020-03-04,2024-09-05,"zelensky",FALSE,FALSE,5.36892539356605,4.50650239561944,-0.862422997946612,"left early"
"Andrii Sybiha","Foreign Affairs","foreign",2024-09-05,NA,"zelensky",FALSE,TRUE,0.862422997946612,1.8590006844627,0.996577686516085,"outlived it"
"Kostyantyn Morozov","Defense","defense",1991-09-03,1993-09-30,"kravchuk",FALSE,FALSE,1.08145106091718,2.07529089664613,0.993839835728953,"outlived it"
"Ivan Bizhan","Defense","defense",1993-10-04,1993-10-08,"kravchuk",TRUE,FALSE,0.698151950718686,0.0109514031485284,-0.687200547570157,"left early"
"Vitalii Radetskyi","Defense","defense",1993-10-08,1994-08-25,"kravchuk",FALSE,FALSE,0.687200547570157,0.878850102669405,0.191649555099247,"outlived it"
"Valerii Shmarov","Defense","defense",1994-08-25,1996-07-08,"kuchma",FALSE,FALSE,0.528405201916496,1.86995208761123,1.34154688569473,"outlived it"
"Olexander Kuzmuk","Defense","defense",1996-07-11,2001-10-24,"kuchma",FALSE,FALSE,0.974674880219028,5.28678986995209,4.31211498973306,"outlived it"
"Volodymyr Shkidchenko","Defense","defense",2001-11-12,2003-06-25,"kuchma",FALSE,FALSE,1.02395619438741,1.61533196440794,0.591375770020534,"outlived it"
"Yevhen Marchuk","Defense","defense",2003-06-25,2004-09-23,"kuchma",FALSE,FALSE,1.53319644079398,1.24845995893224,-0.284736481861738,"left early"
"Olexander Kuzmuk","Defense","defense",2004-09-24,2005-02-03,"kuchma",FALSE,FALSE,0.281998631074606,0.361396303901437,0.079397672826831,"outlived it"
"Anatolii Hrytsenko","Defense","defense",2005-02-04,2007-12-18,"yushchenko",FALSE,FALSE,0.591375770020534,2.86652977412731,2.27515400410678,"outlived it"
"Yurii Yekhanurov","Defense","defense",2007-12-18,2009-06-05,"yushchenko",FALSE,FALSE,2.22861054072553,1.46475017111567,-0.763860369609856,"left early"
"Valerii Ivashchenko","Defense","defense",2009-06-05,2010-03-11,"yushchenko",TRUE,FALSE,0.763860369609856,0.763860369609856,0,"left with it"
"Mykhailo Yezhel","Defense","defense",2010-03-11,2012-02-08,"yanukovych",FALSE,FALSE,2.78986995208761,1.91375770020534,-0.876112251882273,"left early"
"Dmytro Salamatin","Defense","defense",2012-02-08,2012-12-24,"yanukovych",FALSE,FALSE,0.876112251882272,0.876112251882272,0,"left with it"
"Pavlo Lebedyev","Defense","defense",2012-12-24,2014-02-27,"yanukovych",FALSE,FALSE,1.09514031485284,1.1772758384668,0.0821355236139631,"outlived it"
"Volodymyr Zamana","Defense","defense",2014-02-22,2014-02-27,"poroshenko",TRUE,FALSE,0.774811772758385,0.0136892539356605,-0.761122518822724,"left early"
"Ihor Tenyukh","Defense","defense",2014-02-27,2014-03-25,"poroshenko",TRUE,FALSE,0.761122518822724,0.0711841204654346,-0.68993839835729,"left early"
"Mykhailo Koval","Defense","defense",2014-03-25,2014-07-03,"poroshenko",TRUE,FALSE,0.68993839835729,0.27378507871321,-0.416153319644079,"left early"
"Valeriy Heletey","Defense","defense",2014-07-03,2014-10-14,"poroshenko",FALSE,FALSE,0.416153319644079,0.281998631074606,-0.134154688569473,"left early"
"Stepan Poltorak","Defense","defense",2014-10-14,2019-08-29,"poroshenko",FALSE,FALSE,0.134154688569473,4.87337440109514,4.73921971252567,"outlived it"
"Andriy Zahorodniuk","Defense","defense",2019-08-29,2020-03-04,"zelensky",FALSE,FALSE,0.514715947980835,0.514715947980835,0,"left with it"
"Andrii Taran","Defense","defense",2020-03-04,2021-11-03,"zelensky",FALSE,FALSE,5.36892539356605,1.66735112936345,-3.7015742642026,"left early"
"Oleksii Reznikov","Defense","defense",2021-11-04,2023-09-05,"zelensky",FALSE,FALSE,3.69883641341547,1.83436002737851,-1.86447638603696,"left early"
"Rustem Umerov","Defense","defense",2023-09-06,2025-07-17,"zelensky",FALSE,FALSE,1.86173853524983,1.86173853524983,0,"left with it"
"Denys Shmyhal","Defense","defense",2025-07-17,2026-01-13,"zelensky",FALSE,FALSE,0.996577686516085,0.492813141683778,-0.503764544832307,"left early"
"Mykhailo Fedorov","Defense","defense",2026-01-14,2026-07-15,"zelensky",FALSE,FALSE,0.501026694045175,0.498288843258042,-0.00273785078713207,"left with it"
"Andriy Vasylyshyn","Internal Affairs","interior",1991-08-24,1994-07-21,"kravchuk",FALSE,FALSE,1.1088295687885,2.90759753593429,1.79876796714579,"outlived it"
"Volodymyr Radchenko","Internal Affairs","interior",1994-07-21,1995-07-03,"kuchma",FALSE,FALSE,0.624229979466119,0.950034223134839,0.32580424366872,"outlived it"
"Yuriy Kravchenko","Internal Affairs","interior",1995-07-03,2001-03-26,"kuchma",FALSE,FALSE,0.903490759753593,5.73032169746749,4.8268309377139,"outlived it"
"Yuriy Smirnov","Internal Affairs","interior",2001-03-26,2003-08-27,"kuchma",FALSE,FALSE,0.175222450376454,2.42026009582478,2.24503764544832,"outlived it"
"Mykola Bilokon","Internal Affairs","interior",2003-08-27,2005-02-03,"kuchma",FALSE,FALSE,1.36071184120465,1.44010951403149,0.0793976728268309,"outlived it"
"Yuriy Lutsenko","Internal Affairs","interior",2005-02-04,2006-12-01,"yushchenko",FALSE,FALSE,0.591375770020534,1.82067077344285,1.22929500342231,"outlived it"
"Vasyl Tsushko","Internal Affairs","interior",2006-12-01,2007-12-18,"yushchenko",FALSE,FALSE,1.04585900068446,1.04585900068446,0,"left with it"
"Yuriy Lutsenko","Internal Affairs","interior",2007-12-18,2010-01-29,"yushchenko",FALSE,FALSE,2.22861054072553,2.11635865845311,-0.112251882272416,"left early"
"Mykhailo Kliuyev","Internal Affairs","interior",2010-01-29,2010-03-11,"yushchenko",TRUE,FALSE,0.112251882272416,0.112251882272416,0,"left with it"
"Anatoliy Mohyliov","Internal Affairs","interior",2010-03-11,2011-11-07,"yanukovych",FALSE,FALSE,2.78986995208761,1.65913757700205,-1.13073237508556,"left early"
"Vitaliy Zakharchenko","Internal Affairs","interior",2011-11-07,2014-02-21,"yanukovych",FALSE,FALSE,1.13073237508556,2.29158110882957,1.16084873374401,"outlived it"
"Arsen Avakov","Internal Affairs","interior",2014-02-22,2021-07-15,"poroshenko",FALSE,FALSE,0.774811772758385,7.39219712525667,6.61738535249829,"outlived it"
"Denys Monastyrskyi","Internal Affairs","interior",2021-07-16,2023-01-18,"zelensky",FALSE,FALSE,4.00273785078713,1.50855578370979,-2.49418206707734,"left early"
"Ihor Klymenko","Internal Affairs","interior",2023-01-18,2026-07-16,"zelensky",FALSE,FALSE,2.49418206707734,3.49075975359343,0.996577686516085,"outlived it"
"Oleksandr Kovalenko","Finance","finance",1991-08-24,1991-10-29,"kravchuk",FALSE,FALSE,1.1088295687885,0.180698151950719,-0.928131416837782,"left early"
"Hryhoriy Piatachenko","Finance","finance",1991-10-29,1994-07-06,"kravchuk",FALSE,FALSE,0.928131416837782,2.68583162217659,1.75770020533881,"outlived it"
"Petro Hermanchuk","Finance","finance",1994-07-06,1996-06-18,"kravchuk",FALSE,FALSE,0.665297741273101,1.95208761122519,1.28678986995209,"outlived it"
"Valentyn Koronevskyi","Finance","finance",1996-06-18,1997-02-25,"kuchma",FALSE,FALSE,1.03764544832307,0.68993839835729,-0.347707049965777,"left early"
"Ihor Mitiukov","Finance","finance",1997-02-26,2001-12-27,"kuchma",FALSE,FALSE,0.344969199178645,4.83230663928816,4.48733744010951,"outlived it"
"Ihor Yushko","Finance","finance",2001-12-27,2002-11-26,"kuchma",FALSE,FALSE,0.900752908966461,0.914442162902122,0.0136892539356606,"left with it"
"Mykola Azarov","Finance","finance",2002-11-26,2005-02-03,"kuchma",FALSE,FALSE,2.11088295687885,2.19028062970568,0.0793976728268309,"outlived it"
"Viktor Pynzenyk","Finance","finance",2005-02-04,2006-08-04,"yushchenko",FALSE,FALSE,0.591375770020534,1.49486652977413,0.903490759753593,"outlived it"
"Mykola Azarov","Finance","finance",2006-08-04,2007-12-18,"yushchenko",FALSE,FALSE,1.37166324435318,1.37166324435318,0,"left with it"
"Victor Pynzenyk","Finance","finance",2007-12-18,2009-02-17,"yushchenko",FALSE,FALSE,2.22861054072553,1.16906228610541,-1.05954825462012,"left early"
"Ihor Umansky","Finance","finance",2009-04-08,2010-03-11,"yushchenko",TRUE,FALSE,0.922655715263518,0.922655715263518,0,"left with it"
"Fedir Yaroshenko","Finance","finance",2010-03-11,2012-01-18,"yanukovych",FALSE,FALSE,2.78986995208761,1.85626283367556,-0.933607118412047,"left early"
"Valeriy Khoroshkovskyi","Finance","finance",2012-01-18,2012-02-22,"yanukovych",FALSE,FALSE,0.933607118412047,0.0958247775496235,-0.837782340862423,"left early"
"Yuriy Kolobov","Finance","finance",2012-02-28,2014-02-27,"yanukovych",FALSE,FALSE,0.82135523613963,1.99863107460643,1.1772758384668,"outlived it"
"Oleksandr Shlapak","Finance","finance",2014-02-27,2014-12-02,"poroshenko",FALSE,FALSE,0.761122518822724,0.761122518822724,0,"left with it"
"Natalie Jaresko","Finance","finance",2014-12-02,2016-04-14,"poroshenko",FALSE,FALSE,1.36618754277892,1.36618754277892,0,"left with it"
"Oleksandr Danylyuk","Finance","finance",2016-04-14,2018-06-07,"poroshenko",FALSE,FALSE,3.37303216974675,2.14647501711157,-1.22655715263518,"left early"
"Oksana Markarova","Finance","finance",2018-06-07,2020-03-04,"poroshenko",FALSE,FALSE,1.22655715263518,1.74127310061602,0.514715947980835,"outlived it"
"Ihor Umansky","Finance","finance",2020-03-04,2020-03-30,"zelensky",FALSE,FALSE,5.36892539356605,0.0711841204654346,-5.29774127310062,"left early"
"Serhii Marchenko","Finance","finance",2020-03-30,NA,"zelensky",FALSE,TRUE,5.29774127310062,6.2943189596167,0.996577686516085,"outlived it"
"Vitaliy Boiko","Justice","justice",1991-08-24,1992-03-20,"kravchuk",FALSE,FALSE,1.1088295687885,0.572210814510609,-0.536618754277892,"left early"
"Volodymyr Kampo","Justice","justice",1992-03-20,1992-04-21,"kravchuk",FALSE,FALSE,0.536618754277892,0.0876112251882272,-0.449007529089665,"left early"
"Wasyl Onopenko","Justice","justice",1992-10-27,1995-08-07,"kravchuk",FALSE,FALSE,0.903490759753593,2.77618069815195,1.87268993839836,"outlived it"
"Serhii Holovatyi","Justice","justice",1995-09-27,1997-08-21,"kuchma",FALSE,FALSE,0.668035592060233,1.90006844626968,1.23203285420945,"outlived it"
"Suzanna Stanik","Justice","justice",1997-08-21,2002-05-07,"kuchma",FALSE,FALSE,2.33538672142368,4.70910335386721,2.37371663244353,"outlived it"
"Oleksandr Lavrynovych","Justice","justice",2002-05-07,2005-02-03,"kuchma",FALSE,FALSE,0.542094455852156,2.7460643394935,2.20396988364134,"outlived it"
"Roman Zvarych","Justice","justice",2005-02-04,2005-09-27,"yushchenko",FALSE,FALSE,0.591375770020534,0.643394934976044,0.05201916495551,"outlived it"
"Serhii Holovatyi","Justice","justice",2005-09-27,2006-08-04,"yushchenko",FALSE,FALSE,0.851471594798084,0.851471594798084,0,"left with it"
"Roman Zvarych","Justice","justice",2006-08-04,2006-11-01,"yushchenko",FALSE,FALSE,1.37166324435318,0.243668720054757,-1.12799452429843,"left early"
"Oleksandr Lavrynovych","Justice","justice",2006-11-01,2007-12-18,"yushchenko",FALSE,FALSE,1.12799452429843,1.12799452429843,0,"left with it"
"Mykola Onishchuk","Justice","justice",2007-12-18,2010-03-11,"yushchenko",FALSE,FALSE,2.22861054072553,2.22861054072553,0,"left with it"
"Oleksandr Lavrynovych","Justice","justice",2010-03-11,2013-07-02,"yanukovych",FALSE,FALSE,2.78986995208761,3.31006160164271,0.520191649555099,"outlived it"
"Olena Lukash","Justice","justice",2013-07-04,2014-02-27,"yanukovych",FALSE,FALSE,0.569472963723477,0.65160848733744,0.082135523613963,"outlived it"
"Pavlo Petrenko","Justice","justice",2014-02-27,2019-08-29,"poroshenko",FALSE,FALSE,0.761122518822724,5.50034223134839,4.73921971252567,"outlived it"
"Denys Maliuska","Justice","justice",2019-08-29,2024-09-04,"zelensky",FALSE,FALSE,0.514715947980835,5.01848049281314,4.50376454483231,"outlived it"
"Olha Stefanishyna","Justice","justice",2024-09-05,2025-07-16,"zelensky",FALSE,FALSE,0.862422997946612,0.85968514715948,-0.00273785078713207,"left with it"
"German Galushchenko","Justice","justice",2025-07-17,2025-11-19,"zelensky",FALSE,FALSE,0.996577686516085,0.342231348391513,-0.654346338124572,"left early"
"Liudmyla Suhak","Justice","justice",2025-11-19,2026-07-16,"zelensky",TRUE,FALSE,0.654346338124572,0.654346338124572,0,"left with it"
"Anatoliy Minchenko","Economy","economy",1991-08-24,1992-02-29,"kravchuk",FALSE,FALSE,1.1088295687885,0.517453798767967,-0.591375770020534,"left early"
"Volodymyr Lanovyi","Economy","economy",1992-03-06,1992-07-11,"kravchuk",FALSE,FALSE,0.574948665297741,0.347707049965777,-0.227241615331964,"left early"
"Viktor Pynzenyk","Economy","economy",1992-10-27,1993-04-13,"kravchuk",FALSE,FALSE,0.903490759753593,0.459958932238193,-0.4435318275154,"left early"
"Yuriy Bannikov","Economy","economy",1993-04-13,1993-08-30,"kravchuk",FALSE,FALSE,0.4435318275154,0.380561259411362,-0.0629705681040383,"left early"
"Roman Shpek","Economy","economy",1993-08-30,1995-07-03,"kravchuk",FALSE,FALSE,0.0629705681040383,1.83983572895277,1.77686516084873,"outlived it"
"Vasyl Hureyev","Economy","economy",1995-07-03,1997-02-25,"kuchma",FALSE,FALSE,0.903490759753593,1.65092402464066,0.747433264887064,"outlived it"
"Yurii Yekhanurov","Economy","economy",1997-02-26,1997-07-25,"kuchma",FALSE,FALSE,0.344969199178645,0.407939767282683,0.0629705681040383,"outlived it"
"Viktor Suslov","Economy","economy",1997-07-25,1998-04-21,"kuchma",FALSE,FALSE,2.40930869267625,0.739219712525667,-1.67008898015058,"left early"
"Vasyl Rohovyi","Economy","economy",1998-04-24,1999-12-31,"kuchma",FALSE,FALSE,1.66187542778919,1.68651608487337,0.0246406570841891,"left with it"
"Serhiy Tihipko","Economy","economy",1999-12-31,2000-07-05,"kuchma",FALSE,FALSE,1.40999315537303,0.511978097193703,-0.898015058179329,"left early"
"Vasyl Rohovyi","Economy","economy",2000-08-09,2001-06-25,"kuchma",FALSE,FALSE,0.802190280629706,0.876112251882272,0.0739219712525667,"outlived it"
"Oleksandr Shlapak","Economy","economy",2001-07-10,2002-11-30,"kuchma",FALSE,FALSE,1.36618754277892,1.39082819986311,0.0246406570841888,"left with it"
"Valeriy Khoroshkovskyi","Economy","economy",2002-11-30,2004-01-11,"kuchma",FALSE,FALSE,2.09993155373032,1.11430527036277,-0.985626283367557,"left early"
"Mykola Derkach","Economy","economy",2004-01-11,2005-02-03,"kuchma",FALSE,FALSE,0.985626283367556,1.06502395619439,0.0793976728268311,"outlived it"
"Serhiy Teryokhin","Economy","economy",2005-02-04,2005-09-27,"yushchenko",FALSE,FALSE,0.591375770020534,0.643394934976044,0.05201916495551,"outlived it"
"Arsenii Yatseniuk","Economy","economy",2005-09-27,2006-08-04,"yushchenko",FALSE,FALSE,0.851471594798084,0.851471594798084,0,"left with it"
"Volodymyr Makukha","Economy","economy",2006-08-04,2007-03-21,"yushchenko",FALSE,FALSE,1.37166324435318,0.626967830253251,-0.744695414099931,"left early"
"Anatoliy Kinakh","Economy","economy",2007-03-21,2007-12-18,"yushchenko",FALSE,FALSE,0.744695414099932,0.744695414099932,0,"left with it"
"Bohdan Danylyshyn","Economy","economy",2007-12-18,2010-03-11,"yushchenko",FALSE,FALSE,2.22861054072553,2.22861054072553,0,"left with it"
"Vasyl Tsushko","Economy","economy",2010-03-11,2010-12-10,"yanukovych",FALSE,FALSE,2.78986995208761,0.750171115674196,-2.03969883641342,"left early"
"Andrii Kliuev","Economy","economy",2010-12-09,2012-02-14,"yanukovych",FALSE,FALSE,2.04243668720055,1.18275154004107,-0.85968514715948,"left early"
"Petro Poroshenko","Economy","economy",2012-03-23,2012-12-24,"yanukovych",FALSE,FALSE,0.75564681724846,0.75564681724846,0,"left with it"
"Igor Prasolov","Economy","economy",2012-12-24,2014-02-27,"yanukovych",FALSE,FALSE,1.09514031485284,1.1772758384668,0.0821355236139631,"outlived it"
"Pavlo Sheremeta","Economy","economy",2014-02-27,2014-09-02,"poroshenko",FALSE,FALSE,0.761122518822724,0.511978097193703,-0.249144421629021,"left early"
"Anatoliy Maksyuta","Economy","economy",2014-09-03,2014-10-08,"poroshenko",TRUE,FALSE,0.246406570841889,0.0958247775496235,-0.150581793292266,"left early"
"Valery Pyatnitsky","Economy","economy",2014-10-08,2014-12-02,"poroshenko",TRUE,FALSE,0.150581793292266,0.150581793292266,0,"left with it"
"Aivaras Abromavičius","Economy","economy",2014-12-02,2016-04-14,"poroshenko",FALSE,FALSE,1.36618754277892,1.36618754277892,0,"left with it"
"Stepan Kubiv","Economy","economy",2016-04-14,2019-08-29,"poroshenko",FALSE,FALSE,3.37303216974675,3.37303216974675,0,"left with it"
"Tymofiy Mylovanov","Economy","economy",2019-08-29,2020-03-04,"zelensky",FALSE,FALSE,0.514715947980835,0.514715947980835,0,"left with it"
"Pavlo Kukhta","Economy","economy",2020-03-10,2020-03-17,"zelensky",TRUE,FALSE,5.35249828884326,0.0191649555099247,-5.33333333333333,"left early"
"Ihor Petrashko","Economy","economy",2020-03-17,2021-05-18,"zelensky",FALSE,FALSE,5.33333333333333,1.16906228610541,-4.16427104722793,"left early"
"Oleksiy Lyubchenko","Economy","economy",2021-05-20,2021-11-03,"zelensky",FALSE,FALSE,4.15879534565366,0.457221081451061,-3.7015742642026,"left early"
"Yulia Svyrydenko","Economy","economy",2021-11-04,2025-07-17,"zelensky",FALSE,FALSE,3.69883641341547,3.69883641341547,0,"left with it"
"Oleksii Sobolev","Economy","economy",2025-07-17,2026-07-16,"zelensky",FALSE,FALSE,0.996577686516085,0.996577686516085,0,"left with it"
"Ivan Zyazyun","Education & Science","education",1991-08-24,1991-12-12,"kravchuk",FALSE,FALSE,1.1088295687885,0.301163586584531,-0.80766598220397,"left early"
"Petro Talanchuk","Education & Science","education",1991-12-12,1994-07-04,"kravchuk",FALSE,FALSE,0.80766598220397,2.55989048596851,1.75222450376454,"outlived it"
"Mykhailo Zghurovskyi","Education & Science","education",1994-11-18,1999-01-14,"kuchma",FALSE,FALSE,0.295687885010267,4.15605749486653,3.86036960985626,"outlived it"
"Valentyn Zaichuk","Education & Science","education",1999-01-14,1999-12-30,"kuchma",FALSE,FALSE,0.936344969199179,0.958247775496235,0.0219028062970568,"left with it"
"Vasyl Kremen","Education & Science","education",1999-12-30,2005-02-03,"kuchma",FALSE,FALSE,1.41273100616016,5.09787816563997,3.68514715947981,"outlived it"
"Stanislav Nikolayenko","Education & Science","education",2005-02-04,2007-12-18,"yushchenko",FALSE,FALSE,0.591375770020534,2.86652977412731,2.27515400410678,"outlived it"
"Ivan Vakarchuk","Education & Science","education",2007-12-18,2010-03-11,"yushchenko",FALSE,FALSE,2.22861054072553,2.22861054072553,0,"left with it"
"Dmytro Tabačnyk","Education & Science","education",2010-03-11,2014-02-23,"yanukovych",FALSE,FALSE,2.78986995208761,3.95619438740589,1.16632443531828,"outlived it"
"Serhij Kvit","Education & Science","education",2014-02-27,2016-04-14,"poroshenko",FALSE,FALSE,0.761122518822724,2.12731006160164,1.36618754277892,"outlived it"
"Lilija Hrynevyč","Education & Science","education",2016-04-14,2019-08-29,"poroshenko",FALSE,FALSE,3.37303216974675,3.37303216974675,0,"left with it"
"Hanna Novosad","Education & Science","education",2019-08-29,2020-03-04,"zelensky",FALSE,FALSE,0.514715947980835,0.514715947980835,0,"left with it"
"Yuriy Polyukhovych","Education & Science","education",2020-03-10,2020-03-25,"zelensky",TRUE,FALSE,5.35249828884326,0.0410677618069815,-5.31143052703628,"left early"
"Liubomyra Mandziy","Education & Science","education",2020-03-25,2020-06-25,"zelensky",TRUE,FALSE,5.31143052703628,0.251882272416153,-5.05954825462012,"left early"
"Serhiy Shkarlet","Education & Science","education",2020-06-25,2023-03-20,"zelensky",FALSE,FALSE,5.05954825462012,2.73237508555784,-2.32717316906229,"left early"
"Oksen Lisovyi","Education & Science","education",2023-03-21,2026-07-16,"zelensky",FALSE,FALSE,2.32443531827515,3.32101300479124,0.996577686516085,"outlived it"
"Yuriy Spizhenko","Healthcare","health",1991-08-24,1994-07-01,"kravchuk",FALSE,FALSE,1.1088295687885,2.85284052019165,1.74401095140315,"outlived it"
"Volodymyr Maltsev","Healthcare","health",1994-07-01,1994-08-18,"kravchuk",FALSE,FALSE,0.678986995208761,0.131416837782341,-0.54757015742642,"left early"
"Volodymyr Bobrov","Healthcare","health",1994-08-22,1995-02-14,"kuchma",FALSE,FALSE,0.536618754277892,0.48186173853525,-0.054757015742642,"left early"
"Yevhen Korolenko","Healthcare","health",1995-07-03,1996-07-13,"kuchma",FALSE,FALSE,0.903490759753593,1.02943189596167,0.125941136208077,"outlived it"
"Andriy Serdyuk","Healthcare","health",1996-09-05,1999-01-21,"kuchma",FALSE,FALSE,0.82135523613963,2.37645448323066,1.55509924709103,"outlived it"
"Raisa Bogatyrova","Healthcare","health",1999-01-21,2000-01-12,"kuchma",FALSE,FALSE,0.917180013689254,0.974674880219028,0.0574948665297741,"outlived it"
"Vitaliy Moskalenko","Healthcare","health",2000-01-12,2002-11-30,"kuchma",FALSE,FALSE,1.37713894592745,2.8829568788501,1.50581793292266,"outlived it"
"Andriy Pidayev","Healthcare","health",2002-11-30,2005-02-03,"kuchma",FALSE,FALSE,2.09993155373032,2.17932922655715,0.0793976728268309,"outlived it"
"Mykola Polishchuk","Healthcare","health",2005-02-04,2005-09-27,"yushchenko",FALSE,FALSE,0.591375770020534,0.643394934976044,0.05201916495551,"outlived it"
"Yuriy Polyachenko","Healthcare","health",2005-10-12,2007-03-23,"yushchenko",FALSE,FALSE,0.810403832991102,1.44284736481862,0.632443531827515,"outlived it"
"Yuriy Haidayev","Healthcare","health",2007-03-23,2007-12-18,"yushchenko",FALSE,FALSE,0.739219712525667,0.739219712525667,0,"left with it"
"Vasyl Knyazevych","Healthcare","health",2007-12-18,2010-03-11,"yushchenko",FALSE,FALSE,2.22861054072553,2.22861054072553,0,"left with it"
"Zinoviy Mytnyk","Healthcare","health",2010-03-11,2010-12-21,"yanukovych",FALSE,FALSE,2.78986995208761,0.780287474332649,-2.00958247775496,"left early"
"Illya Yemetz","Healthcare","health",2010-12-21,2011-05-17,"yanukovych",FALSE,FALSE,2.00958247775496,0.402464065708419,-1.60711841204654,"left early"
"Oleksandr Anishchenko","Healthcare","health",2011-05-24,2012-02-14,"yanukovych",FALSE,FALSE,1.58795345653662,0.728268309377139,-0.85968514715948,"left early"
"Raisa Bogatyrova","Healthcare","health",2012-02-14,2014-02-24,"yanukovych",FALSE,FALSE,0.85968514715948,2.02874743326489,1.16906228610541,"outlived it"
"Oleh Musiy","Healthcare","health",2014-02-27,2014-10-01,"poroshenko",FALSE,FALSE,0.761122518822724,0.591375770020534,-0.16974674880219,"left early"
"Vasyl Lazoryshynets","Healthcare","health",2014-10-01,2014-12-02,"poroshenko",TRUE,FALSE,0.16974674880219,0.16974674880219,0,"left with it"
"Alexander Kvitashvili","Healthcare","health",2014-12-04,2016-04-14,"poroshenko",FALSE,FALSE,1.36071184120465,1.36071184120465,0,"left with it"
"Oleksandra Pavlenko","Healthcare","health",2016-04-14,2016-04-27,"poroshenko",TRUE,FALSE,3.37303216974675,0.0355920602327173,-3.33744010951403,"left early"
"Viktor Shafranskyi","Healthcare","health",2016-04-27,2016-07-27,"poroshenko",TRUE,FALSE,3.33744010951403,0.249144421629021,-3.08829568788501,"left early"
"Ulana Suprun","Healthcare","health",2016-07-27,2019-08-29,"poroshenko",TRUE,FALSE,3.08829568788501,3.08829568788501,0,"left with it"
"Zoryana Skaletska","Healthcare","health",2019-08-29,2020-03-04,"zelensky",FALSE,FALSE,0.514715947980835,0.514715947980835,0,"left with it"
"Illya Yemetz","Healthcare","health",2020-03-04,2020-03-30,"zelensky",FALSE,FALSE,5.36892539356605,0.0711841204654346,-5.29774127310062,"left early"
"Maksym Stepanov","Healthcare","health",2020-03-30,2021-05-18,"zelensky",FALSE,FALSE,5.29774127310062,1.13347022587269,-4.16427104722793,"left early"
"Viktor Liashko","Healthcare","health",2021-05-20,NA,"zelensky",FALSE,TRUE,4.15879534565366,5.15537303216975,0.996577686516085,"outlived it"
"Larysa Khorolets","Culture","culture",1991-08-24,1992-11-17,"kravchuk",FALSE,FALSE,1.1088295687885,1.23477070499658,0.125941136208077,"outlived it"
"Ivan Dziuba","Culture","culture",1992-11-17,1994-08-19,"kravchuk",FALSE,FALSE,0.845995893223819,1.75222450376454,0.906228610540725,"outlived it"
"Dmytro Ostapenko","Culture","culture",1995-09-25,1999-08-04,"kuchma",FALSE,FALSE,0.673511293634497,3.85763175906913,3.18412046543463,"outlived it"
"Yuriy Bohutsky","Culture","culture",1999-08-04,1999-12-07,"kuchma",FALSE,FALSE,0.383299110198494,0.342231348391513,-0.0410677618069815,"left early"
"Bohdan Stupka","Culture","culture",1999-12-30,2001-05-30,"kuchma",FALSE,FALSE,1.41273100616016,1.4154688569473,0.00273785078713207,"left with it"
"Yuriy Bohutsky","Culture","culture",2001-05-30,2005-02-03,"kuchma",FALSE,FALSE,1.47843942505133,3.68240930869268,2.20396988364134,"outlived it"
"Oksana Bilozir","Culture","culture",2005-02-04,2005-10-05,"yushchenko",FALSE,FALSE,0.591375770020534,0.665297741273101,0.0739219712525667,"outlived it"
"Ihor Likhovyi","Culture","culture",2005-10-05,2006-11-01,"yushchenko",FALSE,FALSE,0.829568788501027,1.07323750855578,0.243668720054757,"outlived it"
"Yuriy Bohutsky","Culture","culture",2006-11-01,2007-12-18,"yushchenko",FALSE,FALSE,1.12799452429843,1.12799452429843,0,"left with it"
"Vasyl Vovkun","Culture","culture",2007-12-18,2010-03-11,"yushchenko",FALSE,FALSE,2.22861054072553,2.22861054072553,0,"left with it"
"Mykhailo Kulyniak","Culture","culture",2010-03-11,2012-12-24,"yanukovych",FALSE,FALSE,2.78986995208761,2.78986995208761,0,"left with it"
"Leonid Novokhatko","Culture","culture",2013-02-05,2014-02-24,"yanukovych",FALSE,FALSE,0.97741273100616,1.05133470225873,0.0739219712525667,"outlived it"
"Yevhen Nyshchuk","Culture","culture",2014-02-27,2014-12-02,"poroshenko",FALSE,FALSE,0.761122518822724,0.761122518822724,0,"left with it"
"Vjačeslav Kyrylenko","Culture","culture",2014-12-02,2016-04-14,"poroshenko",FALSE,FALSE,1.36618754277892,1.36618754277892,0,"left with it"
"Yevhen Nyshchuk","Culture","culture",2016-04-14,2019-08-29,"poroshenko",FALSE,FALSE,3.37303216974675,3.37303216974675,0,"left with it"
"Volodymyr Borodians'ky","Culture","culture",2019-08-29,2020-03-04,"zelensky",FALSE,FALSE,0.514715947980835,0.514715947980835,0,"left with it"
"Anatoly Maximchuk","Culture","culture",2020-03-04,2020-03-10,"zelensky",TRUE,FALSE,5.36892539356605,0.0164271047227926,-5.35249828884326,"left early"
"Svitlana Fomenko","Culture","culture",2020-03-10,2020-06-04,"zelensky",TRUE,FALSE,5.35249828884326,0.235455167693361,-5.1170431211499,"left early"
"Oleksandr Tkachenko","Culture","culture",2020-06-04,2023-07-27,"zelensky",FALSE,FALSE,5.1170431211499,3.14305270362765,-1.97399041752224,"left early"
"Rostyslav Karandieiev","Culture","culture",2023-07-28,2024-09-04,"zelensky",TRUE,FALSE,1.97125256673511,1.10609171800137,-0.865160848733744,"left early"
"Mykola Tochytskyi","Culture","culture",2024-09-05,2025-07-17,"zelensky",FALSE,FALSE,0.862422997946612,0.862422997946612,0,"left with it"
"Halyna Hryhorenko","Culture","culture",2025-07-17,2025-07-28,"zelensky",TRUE,FALSE,0.996577686516085,0.0301163586584531,-0.966461327857632,"left early"
"Tetiana Berezhna","Culture","culture",2025-07-28,NA,"zelensky",FALSE,TRUE,0.966461327857632,0.966461327857632,0,"left with it"
"Vitalii Vasylchenko","Social Policy","social",1991-08-24,1991-10-29,"kravchuk",FALSE,FALSE,1.1088295687885,0.180698151950719,-0.928131416837782,"left early"
"Mykhailo Kaskevych","Social Policy","social",1991-10-29,1996-08-08,"kravchuk",FALSE,FALSE,0.928131416837782,4.77754962354552,3.84941820670773,"outlived it"
"Mykola Biloblotskyi","Social Policy","social",1996-08-08,1998-06-25,"kuchma",FALSE,FALSE,0.898015058179329,1.87816563997262,0.980150581793292,"outlived it"
"Ivan Sakhan","Social Policy","social",1998-06-25,2002-11-30,"kuchma",FALSE,FALSE,1.492128678987,4.43258042436687,2.94045174537988,"outlived it"
"Mykhailo Papiyev","Social Policy","social",2002-11-30,2005-02-03,"kuchma",FALSE,FALSE,2.09993155373032,2.17932922655715,0.0793976728268309,"outlived it"
"Vjačeslav Kyrylenko","Social Policy","social",2005-02-04,2005-09-27,"yushchenko",FALSE,FALSE,0.591375770020534,0.643394934976044,0.05201916495551,"outlived it"
"Ivan Sakhan","Social Policy","social",2005-09-27,2006-08-04,"yushchenko",FALSE,FALSE,0.851471594798084,0.851471594798084,0,"left with it"
"Mykhailo Papiyev","Social Policy","social",2006-08-04,2007-12-18,"yushchenko",FALSE,FALSE,1.37166324435318,1.37166324435318,0,"left with it"
"Liudmyla Denisova","Social Policy","social",2007-12-18,2010-03-11,"yushchenko",FALSE,FALSE,2.22861054072553,2.22861054072553,0,"left with it"
"Vasyl Nadraha","Social Policy","social",2010-03-11,2010-12-09,"yanukovych",FALSE,FALSE,2.78986995208761,0.747433264887064,-2.04243668720055,"left early"
"Serhiy Tihipko","Social Policy","social",2010-12-09,2012-12-24,"yanukovych",FALSE,FALSE,2.04243668720055,2.04243668720055,0,"left with it"
"Natalia Korolevska","Social Policy","social",2012-12-24,2014-02-24,"yanukovych",FALSE,FALSE,1.09514031485284,1.16906228610541,0.0739219712525667,"outlived it"
"Liudmyla Denisova","Social Policy","social",2014-02-27,2014-12-02,"poroshenko",FALSE,FALSE,0.761122518822724,0.761122518822724,0,"left with it"
"Pavlo Rozenko","Social Policy","social",2014-12-02,2016-04-14,"poroshenko",FALSE,FALSE,1.36618754277892,1.36618754277892,0,"left with it"
"Andriy Reva","Social Policy","social",2016-04-14,2019-08-29,"poroshenko",FALSE,FALSE,3.37303216974675,3.37303216974675,0,"left with it"
"Yuliya Sokolovska","Social Policy","social",2019-08-29,2020-03-04,"zelensky",FALSE,FALSE,0.514715947980835,0.514715947980835,0,"left with it"
"Maryna Lazebna","Social Policy","social",2020-03-04,2022-07-18,"zelensky",FALSE,FALSE,5.36892539356605,2.3709787816564,-2.99794661190965,"left early"
"Oksana Zholnovich","Social Policy","social",2022-07-19,2025-07-17,"zelensky",FALSE,FALSE,2.99520876112252,2.99520876112252,0,"left with it"
"Denys Uliutin","Social Policy","social",2025-07-17,NA,"zelensky",FALSE,TRUE,0.996577686516085,0.996577686516085,0,"left with it"
"Oleksandr Tkachenko (agrarian)","Agrarian Policy","agrarian",1991-08-24,1992-02-29,"kravchuk",FALSE,FALSE,1.1088295687885,0.517453798767967,-0.591375770020534,"left early"
"Vasyl Tkachuk","Agrarian Policy","agrarian",1992-02-29,1992-12-08,"kravchuk",FALSE,FALSE,0.591375770020534,0.774811772758385,0.183436002737851,"outlived it"
"Yuriy Karasyk","Agrarian Policy","agrarian",1992-12-15,1995-08-03,"kravchuk",FALSE,FALSE,0.769336071184121,2.63107460643395,1.86173853524983,"outlived it"
"Pavlo Haidutskyi","Agrarian Policy","agrarian",1995-08-03,1996-06-11,"kuchma",FALSE,FALSE,0.818617385352498,0.856947296372348,0.0383299110198494,"left with it"
"Anatoliy Khorishko","Agrarian Policy","agrarian",1996-07-12,1997-02-14,"kuchma",FALSE,FALSE,0.971937029431896,0.594113620807666,-0.37782340862423,"left early"
"Mykhailo Zubets","Agrarian Policy","agrarian",1997-04-07,1997-07-25,"kuchma",FALSE,FALSE,0.235455167693361,0.298425735797399,0.0629705681040383,"outlived it"
"Yuriy Karasyk","Agrarian Policy","agrarian",1997-07-25,1998-04-23,"kuchma",FALSE,FALSE,2.40930869267625,0.744695414099932,-1.66461327857632,"left early"
"Borys Supikhanov","Agrarian Policy","agrarian",1998-04-23,1999-07-15,"kuchma",FALSE,FALSE,1.66461327857632,1.22655715263518,-0.438056125941136,"left early"
"Mykhailo Hladiy","Agrarian Policy","agrarian",1999-07-19,2000-01-10,"kuchma",FALSE,FALSE,0.427104722792608,0.479123887748118,0.0520191649555099,"outlived it"
"Ivan Kyrylenko","Agrarian Policy","agrarian",2000-01-10,2002-04-19,"kuchma",FALSE,FALSE,1.38261464750171,2.27241615331964,0.889801505817933,"outlived it"
"Serhiy Ryzhuk","Agrarian Policy","agrarian",2002-04-19,2004-01-11,"kuchma",FALSE,FALSE,0.591375770020534,1.73032169746749,1.13894592744695,"outlived it"
"Viktor Slauta","Agrarian Policy","agrarian",2004-01-11,2004-12-17,"kuchma",FALSE,FALSE,0.985626283367556,0.933607118412047,-0.0520191649555098,"left early"
"Oleksandr Baranivskyi","Agrarian Policy","agrarian",2005-02-04,2006-08-04,"yushchenko",FALSE,FALSE,0.591375770020534,1.49486652977413,0.903490759753593,"outlived it"
"Yuriy Melnyk","Agrarian Policy","agrarian",2006-08-04,2010-03-11,"yushchenko",FALSE,FALSE,1.37166324435318,3.60027378507871,2.22861054072553,"outlived it"
"Mykola Prysyazhnyuk","Agrarian Policy","agrarian",2010-03-11,2014-02-27,"yanukovych",FALSE,FALSE,2.78986995208761,3.96714579055441,1.1772758384668,"outlived it"
"Ihor Shvaika","Agrarian Policy","agrarian",2014-02-27,2014-12-02,"poroshenko",FALSE,FALSE,0.761122518822724,0.761122518822724,0,"left with it"
"Oleksiy Pavlenko","Agrarian Policy","agrarian",2014-12-02,2016-04-14,"poroshenko",FALSE,FALSE,1.36618754277892,1.36618754277892,0,"left with it"
"Taras Kutovyi","Agrarian Policy","agrarian",2016-04-04,2018-11-22,"poroshenko",FALSE,FALSE,0.027378507871321,2.63381245722108,2.60643394934976,"outlived it"
"Maksym Martynyuk","Agrarian Policy","agrarian",2018-11-23,2019-02-06,"poroshenko",TRUE,FALSE,0.763860369609856,0.205338809034908,-0.558521560574949,"left early"
"Olga Trofimtseva","Agrarian Policy","agrarian",2019-02-07,2019-08-29,"poroshenko",TRUE,FALSE,0.555783709787817,0.555783709787817,0,"left with it"
"Roman Leshchenko","Agrarian Policy","agrarian",2020-12-17,2022-03-24,"zelensky",FALSE,FALSE,4.58042436687201,1.26488706365503,-3.31553730321697,"left early"
"Mykola Solsky","Agrarian Policy","agrarian",2022-03-24,2024-05-09,"zelensky",FALSE,FALSE,3.31553730321697,2.12731006160164,-1.18822724161533,"left early"
"Taras Vysotskyi","Agrarian Policy","agrarian",2024-05-14,2024-09-05,"zelensky",TRUE,FALSE,1.17453798767967,0.31211498973306,-0.862422997946612,"left early"
"Vitalii Koval","Agrarian Policy","agrarian",2024-09-05,2025-07-17,"zelensky",FALSE,FALSE,0.862422997946612,0.862422997946612,0,"left with it"
"Yuriy Shcherbak","Environment","environment",1991-08-24,1992-10-16,"kravchuk",FALSE,FALSE,1.1088295687885,1.14715947980835,0.0383299110198494,"left with it"
"Yuriy Kostenko","Environment","environment",1992-10-27,1998-05-08,"kravchuk",FALSE,FALSE,0.903490759753593,5.52772073921971,4.62422997946612,"outlived it"
"Vasyl Shevchuk","Environment","environment",1998-08-23,2000-01-31,"kuchma",FALSE,FALSE,1.3305954825462,1.44010951403149,0.109514031485284,"outlived it"
"Ivan Zayets","Environment","environment",2000-01-31,2001-05-29,"kuchma",FALSE,FALSE,1.32511978097194,1.32511978097194,0,"left with it"
"Serhiy Kurykin","Environment","environment",2001-06-09,2002-11-30,"kuchma",FALSE,FALSE,1.45106091718001,1.4757015742642,0.0246406570841888,"left with it"
"Vasyl Shevchuk","Environment","environment",2002-11-30,2003-06-06,"kuchma",FALSE,FALSE,2.09993155373032,0.514715947980835,-1.58521560574949,"left early"
"Serhiy Polyakov (ecology)","Environment","environment",2003-07-15,2005-02-03,"kuchma",FALSE,FALSE,1.47843942505133,1.55783709787817,0.0793976728268311,"outlived it"
"Pavlo Ihnatenko","Environment","environment",2005-02-04,2006-08-04,"yushchenko",FALSE,FALSE,0.591375770020534,1.49486652977413,0.903490759753593,"outlived it"
"Vasyl Dzharty","Environment","environment",2006-08-04,2007-12-18,"yushchenko",FALSE,FALSE,1.37166324435318,1.37166324435318,0,"left with it"
"Heorhiy Filipchuk","Environment","environment",2007-12-18,2010-03-11,"yushchenko",FALSE,FALSE,2.22861054072553,2.22861054072553,0,"left with it"
"Viktor Boiko (ecology)","Environment","environment",2010-03-11,2010-07-02,"yanukovych",FALSE,FALSE,2.78986995208761,0.309377138945927,-2.48049281314168,"left early"
"Mykola Slotschewskyj","Environment","environment",2010-07-02,2012-04-20,"yanukovych",FALSE,FALSE,2.48049281314168,1.80150581793292,-0.678986995208761,"left early"
"Eduard Stavytsky","Environment","environment",2012-04-20,2012-12-24,"yanukovych",FALSE,FALSE,0.678986995208761,0.678986995208761,0,"left with it"
"Oleh Proskuryakov","Environment","environment",2012-12-24,2014-02-27,"yanukovych",FALSE,FALSE,1.09514031485284,1.1772758384668,0.0821355236139631,"outlived it"
"Andriy Mokhnyk","Environment","environment",2014-02-27,2014-12-02,"poroshenko",FALSE,FALSE,0.761122518822724,0.761122518822724,0,"left with it"
"Ihor Shevchenko","Environment","environment",2014-12-02,2015-07-02,"poroshenko",FALSE,FALSE,1.36618754277892,0.580424366872005,-0.785763175906913,"left early"
"Serhiy Kurykin","Environment","environment",2015-08-12,2016-01-27,"poroshenko",TRUE,FALSE,0.673511293634497,0.459958932238193,-0.213552361396304,"left early"
"Hanna Vronska","Environment","environment",2016-02-03,2016-04-14,"poroshenko",TRUE,FALSE,0.194387405886379,0.194387405886379,0,"left with it"
"Ostap Semerak","Environment","environment",2016-04-14,2019-08-29,"poroshenko",FALSE,FALSE,3.37303216974675,3.37303216974675,0,"left with it"
"Roman Abramovsky","Environment","environment",2020-06-19,2021-11-03,"zelensky",FALSE,FALSE,5.07597535934292,1.37440109514031,-3.7015742642026,"left early"
"Ruslan Strilets","Environment","environment",2021-11-04,2024-09-04,"zelensky",FALSE,FALSE,3.69883641341547,2.83367556468172,-0.865160848733744,"left early"
"Svitlana Hrynchuk","Environment","environment",2024-09-05,2025-07-17,"zelensky",FALSE,FALSE,0.862422997946612,0.862422997946612,0,"left with it"
"Vitaliy Skliarov","Energy","energy",1991-08-24,1993-01-03,"kravchuk",FALSE,FALSE,1.1088295687885,1.36344969199179,0.254620123203285,"outlived it"
"Anatoliy Hrytsenko (energy)","Energy","energy",1993-01-03,1993-08-17,"kravchuk",FALSE,FALSE,0.717316906228611,0.618754277891855,-0.0985626283367557,"left early"
"Vilen Semeniuk","Energy","energy",1993-08-17,1995-07-03,"kravchuk",FALSE,FALSE,0.0985626283367557,1.87542778918549,1.77686516084873,"outlived it"
"Oleksiy Sheberstov","Energy","energy",1995-07-03,1996-06-13,"kuchma",FALSE,FALSE,0.903490759753593,0.947296372347707,0.0438056125941136,"outlived it"
"Yuriy Bochkaryov","Energy","energy",1996-07-01,1997-07-25,"kuchma",FALSE,FALSE,1.00205338809035,1.06502395619439,0.0629705681040384,"outlived it"
"Oleksiy Sheberstov","Energy","energy",1997-07-25,1999-02-10,"kuchma",FALSE,FALSE,2.40930869267625,1.54688569472964,-0.862422997946612,"left early"
"Ivan Plachkov","Energy","energy",1999-02-23,1999-12-30,"kuchma",FALSE,FALSE,0.826830937713895,0.848733744010951,0.0219028062970568,"left with it"
"Serhiy Tulub","Energy","energy",1999-12-30,2000-06-26,"kuchma",FALSE,FALSE,1.41273100616016,0.490075290896646,-0.922655715263518,"left early"
"Serhiy Yermilov","Energy","energy",2000-07-13,2001-03-06,"kuchma",FALSE,FALSE,0.876112251882272,0.646132785763176,-0.229979466119096,"left early"
"Stanislav Stashevskyi","Energy","energy",2001-03-06,2001-11-19,"kuchma",FALSE,FALSE,0.229979466119097,0.706365503080082,0.476386036960986,"outlived it"
"Vitaliy Haiduk","Energy","energy",2001-11-22,2002-11-26,"kuchma",FALSE,FALSE,0.996577686516085,1.01026694045175,0.0136892539356606,"left with it"
"Serhiy Yermilov","Energy","energy",2002-11-30,2004-03-05,"kuchma",FALSE,FALSE,2.09993155373032,1.2621492128679,-0.837782340862423,"left early"
"Serhiy Tulub","Energy","energy",2004-04-13,2005-02-03,"kuchma",FALSE,FALSE,0.731006160164271,0.810403832991102,0.079397672826831,"outlived it"
"Ivan Plachkov","Energy","energy",2005-02-04,2006-08-04,"yushchenko",FALSE,FALSE,0.591375770020534,1.49486652977413,0.903490759753593,"outlived it"
"Yuriy Boyko","Energy","energy",2006-08-04,2007-12-18,"yushchenko",FALSE,FALSE,1.37166324435318,1.37166324435318,0,"left with it"
"Yuriy Prodan","Energy","energy",2007-12-18,2010-03-11,"yushchenko",FALSE,FALSE,2.22861054072553,2.22861054072553,0,"left with it"
"Yuriy Boyko","Energy","energy",2010-03-11,2012-12-12,"yanukovych",FALSE,FALSE,2.78986995208761,2.75701574264203,-0.0328542094455853,"left with it"
"Eduard Stavytsky","Energy","energy",2012-12-24,2014-02-27,"yanukovych",FALSE,FALSE,1.09514031485284,1.1772758384668,0.0821355236139631,"outlived it"
"Yuriy Prodan","Energy","energy",2014-02-27,2014-12-02,"poroshenko",FALSE,FALSE,0.761122518822724,0.761122518822724,0,"left with it"
"Volodymyr Demchyshyn","Energy","energy",2014-12-02,2016-04-14,"poroshenko",FALSE,FALSE,1.36618754277892,1.36618754277892,0,"left with it"
"Ihor Nasalyk","Energy","energy",2016-04-14,2019-08-29,"poroshenko",FALSE,FALSE,3.37303216974675,3.37303216974675,0,"left with it"
"Oleksiy Orzhel","Energy","energy",2019-08-29,2020-03-04,"zelensky",FALSE,FALSE,0.514715947980835,0.514715947980835,0,"left with it"
"Vitaliy Shubin","Energy","energy",2020-03-10,2020-04-16,"zelensky",TRUE,FALSE,5.35249828884326,0.101300479123888,-5.25119780971937,"left early"
"Olha Buslavets","Energy","energy",2020-04-16,2020-11-20,"zelensky",TRUE,FALSE,5.25119780971937,0.596851471594798,-4.65434633812457,"left early"
"Yurii Boyko","Energy","energy",2020-11-20,2020-12-21,"zelensky",TRUE,FALSE,4.65434633812457,0.0848733744010951,-4.56947296372348,"left early"
"Yurii Vitrenko","Energy","energy",2020-12-21,2021-04-28,"zelensky",TRUE,FALSE,4.56947296372348,0.350444900752909,-4.21902806297057,"left early"
"Yurii Boiko (deputy)","Energy","energy",2021-04-28,2021-04-29,"zelensky",TRUE,FALSE,4.21902806297057,0.0027378507871321,-4.21629021218344,"left early"
"Herman Halushchenko","Energy","energy",2021-04-29,2025-07-17,"zelensky",FALSE,FALSE,4.21629021218344,4.21629021218344,0,"left with it"
"Svitlana Hrynchuk","Energy","energy",2025-07-17,2025-11-19,"zelensky",FALSE,FALSE,0.996577686516085,0.342231348391513,-0.654346338124572,"left early"
"Artem Nekrasov","Energy","energy",2025-11-19,2026-01-14,"zelensky",TRUE,FALSE,0.654346338124572,0.153319644079398,-0.501026694045175,"left early"
"Denys Shmyhal","Energy","energy",2026-01-14,NA,"zelensky",FALSE,TRUE,0.501026694045175,0.501026694045175,0,"left with it"
"Viktor Poltavets","Coal Industry","coal",1994-11-10,1995-12-01,"kuchma",FALSE,FALSE,0.317590691307324,1.05681040383299,0.739219712525667,"outlived it"
"Serhiy Polyakov","Coal Industry","coal",1995-12-01,1996-07-18,"kuchma",FALSE,FALSE,0.490075290896646,0.629705681040383,0.139630390143737,"outlived it"
"Yurii Rusantsov","Coal Industry","coal",1996-09-05,1997-07-25,"kuchma",FALSE,FALSE,0.82135523613963,0.884325804243669,0.0629705681040383,"outlived it"
"Stanislav Yanko","Coal Industry","coal",1997-07-25,1998-05-27,"kuchma",FALSE,FALSE,2.40930869267625,0.837782340862423,-1.57152635181383,"left early"
"Serhiy Tulub","Coal Industry","coal",1998-06-03,1999-12-15,"kuchma",FALSE,FALSE,1.5523613963039,1.53319644079398,-0.0191649555099247,"left with it"
"Viktor Topolov","Coal Industry","coal",2005-08-18,2006-08-04,"yushchenko",FALSE,FALSE,0.0574948665297741,0.960985626283368,0.903490759753593,"outlived it"
"Serhiy Tulub","Coal Industry","coal",2006-08-04,2007-12-18,"yushchenko",FALSE,FALSE,1.37166324435318,1.37166324435318,0,"left with it"
"Viktor Poltavets","Coal Industry","coal",2007-12-18,2010-03-11,"yushchenko",FALSE,FALSE,2.22861054072553,2.22861054072553,0,"left with it"
"Yurii Yashchenko","Coal Industry","coal",2010-03-11,2010-12-09,"yanukovych",FALSE,FALSE,2.78986995208761,0.747433264887064,-2.04243668720055,"left early"
"Orest Klympush","Transport / Infrastructure","transport",1992-03-20,1994-07-11,"kravchuk",FALSE,FALSE,0.536618754277892,2.30800821355236,1.77138945927447,"outlived it"
"Ivan Dankevych","Transport / Infrastructure","transport",1995-07-03,1997-05-07,"kuchma",FALSE,FALSE,0.903490759753593,1.84531143052704,0.941820670773443,"outlived it"
"Mykola Kruhlov","Transport / Infrastructure","transport",1997-05-23,1997-07-17,"kuchma",FALSE,FALSE,0.109514031485284,0.150581793292266,0.0410677618069815,"outlived it"
"Valerii Cherep","Transport / Infrastructure","transport",1997-08-11,1998-04-24,"kuchma",FALSE,FALSE,2.362765229295,0.700889801505818,-1.66187542778919,"left early"
"Ivan Dankevych","Transport / Infrastructure","transport",1998-08-07,1999-10-05,"kuchma",FALSE,FALSE,1.37440109514031,1.16084873374401,-0.213552361396304,"left early"
"Leonid Kostyuchenko","Transport / Infrastructure","transport",1999-10-05,2001-05-29,"kuchma",FALSE,FALSE,0.213552361396304,1.64818617385353,1.43463381245722,"outlived it"
"Valerii Pustovoitenko","Transport / Infrastructure","transport",2001-06-09,2002-04-30,"kuchma",FALSE,FALSE,1.45106091718001,0.889801505817933,-0.561259411362081,"left early"
"Heorhiy Kirpa","Transport / Infrastructure","transport",2002-05-07,2004-12-27,"kuchma",FALSE,FALSE,0.542094455852156,2.64202600958248,2.09993155373032,"outlived it"
"Yevhen Chervonenko","Transport / Infrastructure","transport",2005-02-04,2005-09-28,"yushchenko",FALSE,FALSE,0.591375770020534,0.646132785763176,0.054757015742642,"outlived it"
"Viktor Bondar","Transport / Infrastructure","transport",2005-09-28,2006-08-04,"yushchenko",FALSE,FALSE,0.848733744010951,0.848733744010951,0,"left with it"
"Mykola Rudkovsky","Transport / Infrastructure","transport",2006-08-04,2007-12-18,"yushchenko",FALSE,FALSE,1.37166324435318,1.37166324435318,0,"left with it"
"Yosyp Vinsky","Transport / Infrastructure","transport",2007-12-18,2009-06-23,"yushchenko",FALSE,FALSE,2.22861054072553,1.51403148528405,-0.714579055441478,"left early"
"Vasyl Shevchenko (transport)","Transport / Infrastructure","transport",2009-06-24,2010-03-11,"yushchenko",TRUE,FALSE,0.711841204654346,0.711841204654346,0,"left with it"
"Kostiantyn Yefymenko","Transport / Infrastructure","transport",2010-03-11,2010-12-09,"yanukovych",FALSE,FALSE,2.78986995208761,0.747433264887064,-2.04243668720055,"left early"
"Borys Kolesnikov","Transport / Infrastructure","transport",2010-12-09,2012-12-24,"yanukovych",FALSE,FALSE,2.04243668720055,2.04243668720055,0,"left with it"
"Volodymyr Kozak","Transport / Infrastructure","transport",2012-12-24,2014-02-27,"yanukovych",FALSE,FALSE,1.09514031485284,1.1772758384668,0.0821355236139631,"outlived it"
"Maksym Burbak","Transport / Infrastructure","transport",2014-02-27,2014-12-02,"poroshenko",FALSE,FALSE,0.761122518822724,0.761122518822724,0,"left with it"
"Andriy Pyvovarsky","Transport / Infrastructure","transport",2014-12-02,2016-04-14,"poroshenko",FALSE,FALSE,1.36618754277892,1.36618754277892,0,"left with it"
"Volodymyr Omelyan","Transport / Infrastructure","transport",2016-04-14,2019-08-29,"poroshenko",FALSE,FALSE,3.37303216974675,3.37303216974675,0,"left with it"
"Vladyslav Krykliy","Transport / Infrastructure","transport",2019-08-29,2021-05-18,"zelensky",FALSE,FALSE,0.514715947980835,1.71937029431896,1.20465434633812,"outlived it"
"Oleksandr Kubrakov","Transport / Infrastructure","transport",2021-05-20,2024-05-09,"zelensky",FALSE,FALSE,4.15879534565366,2.97056810403833,-1.18822724161533,"left early"
"Vasyl Shkurakov","Transport / Infrastructure","transport",2024-05-09,2024-09-05,"zelensky",TRUE,FALSE,1.18822724161533,0.32580424366872,-0.862422997946612,"left early"
"Volodymyr Yatsuba","Regional Development","regional",2007-03-21,2007-12-18,"yushchenko",FALSE,FALSE,0.744695414099932,0.744695414099932,0,"left with it"
"Vasyl Kuybida","Regional Development","regional",2007-12-18,2010-03-11,"yushchenko",FALSE,FALSE,2.22861054072553,2.22861054072553,0,"left with it"
"Volodymyr Yatsuba","Regional Development","regional",2010-03-11,2010-12-09,"yanukovych",FALSE,FALSE,2.78986995208761,0.747433264887064,-2.04243668720055,"left early"
"Viktor Tykhonov","Regional Development","regional",2010-12-09,2011-06-01,"yanukovych",FALSE,FALSE,2.04243668720055,0.476386036960986,-1.56605065023956,"left early"
"Anatoliy Blyznyuk","Regional Development","regional",2011-07-12,2012-12-24,"yanukovych",FALSE,FALSE,1.45379876796715,1.45379876796715,0,"left with it"
"Hennadii Temnyk","Regional Development","regional",2012-12-24,2014-02-27,"yanukovych",FALSE,FALSE,1.09514031485284,1.1772758384668,0.0821355236139631,"outlived it"
"Volodymyr Hroisman","Regional Development","regional",2014-02-27,2014-11-27,"poroshenko",FALSE,FALSE,0.761122518822724,0.747433264887064,-0.0136892539356606,"left with it"
"Hennadii Zubko","Regional Development","regional",2014-12-02,2019-08-29,"poroshenko",FALSE,FALSE,1.36618754277892,4.73921971252567,3.37303216974675,"outlived it"
"Aliona Babak","Regional Development","regional",2019-08-29,2020-02-04,"zelensky",FALSE,FALSE,0.514715947980835,0.435318275154004,-0.079397672826831,"left early"
"Denys Shmyhal","Regional Development","regional",2020-02-04,2020-03-04,"zelensky",FALSE,FALSE,0.0793976728268309,0.0793976728268309,0,"left with it"
"Oleksiy Chernyshov","Regional Development","regional",2020-03-04,2022-11-03,"zelensky",FALSE,FALSE,5.36892539356605,2.66666666666667,-2.70225872689938,"left early"
"Vasyl Lozynskyi","Regional Development","regional",2022-11-04,2022-12-01,"zelensky",TRUE,FALSE,2.69952087611225,0.0739219712525667,-2.62559890485969,"left early"
"Oleksiy Kuleba","Regional Development","regional",2024-09-05,2026-07-16,"zelensky",FALSE,FALSE,0.862422997946612,1.8590006844627,0.996577686516085,"outlived it"
"Olexander Popov","Housing & Communal Services","housing",2007-03-21,2007-12-18,"yushchenko",FALSE,FALSE,0.744695414099932,0.744695414099932,0,"left with it"
"Oleksiy Kucherenko","Housing & Communal Services","housing",2007-12-18,2010-03-11,"yushchenko",FALSE,FALSE,2.22861054072553,2.22861054072553,0,"left with it"
"Olexander Popov","Housing & Communal Services","housing",2010-03-11,2010-06-17,"yanukovych",FALSE,FALSE,2.78986995208761,0.268309377138946,-2.52156057494867,"left early"
"Yuriy Khivrych","Housing & Communal Services","housing",2010-06-17,2010-12-09,"yanukovych",FALSE,FALSE,2.52156057494867,0.479123887748118,-2.04243668720055,"left early"
"Heorhiy Hotovchyts","Emergencies","emergencies",1991-08-24,1994-12-31,"kravchuk",FALSE,FALSE,1.1088295687885,3.35386721423682,2.24503764544832,"outlived it"
"Volodymyr Kholosha","Emergencies","emergencies",1995-01-01,1996-08-31,"kuchma",FALSE,FALSE,0.175222450376454,1.66461327857632,1.48939082819986,"outlived it"
"Valeriy Kalchenko","Emergencies","emergencies",1996-08-31,1999-02-08,"kuchma",FALSE,FALSE,0.835044490075291,2.4394250513347,1.60438056125941,"outlived it"
"Vasyl Durdynets","Emergencies","emergencies",1999-03-22,2002-11-30,"kuchma",FALSE,FALSE,0.752908966461328,3.6933607118412,2.94045174537988,"outlived it"
"Hryhoriy Reva","Emergencies","emergencies",2002-11-30,2005-02-03,"kuchma",FALSE,FALSE,2.09993155373032,2.17932922655715,0.0793976728268309,"outlived it"
"David Zhvania","Emergencies","emergencies",2005-02-04,2005-09-27,"yushchenko",FALSE,FALSE,0.591375770020534,0.643394934976044,0.05201916495551,"outlived it"
"Viktor Baloha","Emergencies","emergencies",2005-09-27,2006-10-05,"yushchenko",FALSE,FALSE,0.851471594798084,1.02121834360027,0.16974674880219,"outlived it"
"Nestor Shufrych","Emergencies","emergencies",2006-12-12,2007-12-18,"yushchenko",FALSE,FALSE,1.01574264202601,1.01574264202601,0,"left with it"
"Volodymyr Shandra","Emergencies","emergencies",2007-12-18,2010-03-11,"yushchenko",FALSE,FALSE,2.22861054072553,2.22861054072553,0,"left with it"
"Nestor Shufrych","Emergencies","emergencies",2010-03-11,2010-07-09,"yanukovych",FALSE,FALSE,2.78986995208761,0.328542094455852,-2.46132785763176,"left early"
"Mykhailo Bolotskykh","Emergencies","emergencies",2010-07-10,2010-11-12,"yanukovych",TRUE,FALSE,2.45859000684463,0.342231348391513,-2.11635865845311,"left early"
"Viktor Baloha","Emergencies","emergencies",2010-11-12,2012-11-20,"yanukovych",FALSE,FALSE,2.11635865845311,2.02327173169062,-0.0930869267624912,"left early"
"Viktor Hladush","Industrial Policy","industry",1992-02-29,1992-09-28,"kravchuk",FALSE,FALSE,0.591375770020534,0.580424366872005,-0.0109514031485284,"left with it"
"Mykhailo Pavlovskyi","Industrial Policy","industry",1992-09-28,1992-10-27,"kravchuk",FALSE,FALSE,0.0109514031485284,0.0793976728268309,0.0684462696783025,"outlived it"
"Anatoliy Holubchenko","Industrial Policy","industry",1992-10-27,1995-07-03,"kravchuk",FALSE,FALSE,0.903490759753593,2.68035592060233,1.77686516084873,"outlived it"
"Valeriy Mazur","Industrial Policy","industry",1995-07-03,1997-07-25,"kuchma",FALSE,FALSE,0.903490759753593,2.06160164271047,1.15811088295688,"outlived it"
"Vasyl Hureyev","Industrial Policy","industry",1997-07-25,2000-02-01,"kuchma",FALSE,FALSE,2.40930869267625,2.52156057494867,0.112251882272416,"outlived it"
"Vasyl Hureyev","Industrial Policy","industry",2001-06-05,2002-04-24,"kuchma",FALSE,FALSE,1.46201232032854,0.884325804243669,-0.577686516084873,"left early"
"Anatoliy Myalytsia","Industrial Policy","industry",2002-06-10,2004-01-11,"kuchma",FALSE,FALSE,0.449007529089665,1.58795345653662,1.13894592744695,"outlived it"
"Oleksandr Neustroyev","Industrial Policy","industry",2004-01-11,2005-02-03,"kuchma",FALSE,FALSE,0.985626283367556,1.06502395619439,0.0793976728268311,"outlived it"
"Volodymyr Shandra","Industrial Policy","industry",2005-02-04,2006-08-04,"yushchenko",FALSE,FALSE,0.591375770020534,1.49486652977413,0.903490759753593,"outlived it"
"Anatoliy Holovko","Industrial Policy","industry",2006-08-04,2007-12-18,"yushchenko",FALSE,FALSE,1.37166324435318,1.37166324435318,0,"left with it"
"Volodymyr Novytskyi","Industrial Policy","industry",2007-12-18,2010-03-11,"yushchenko",FALSE,FALSE,2.22861054072553,2.22861054072553,0,"left with it"
"Dmytro Kolyesnikov","Industrial Policy","industry",2010-03-11,2010-12-09,"yanukovych",FALSE,FALSE,2.78986995208761,0.747433264887064,-2.04243668720055,"left early"
"Mykhailo Korolenko","Industrial Policy","industry",2013-02-05,2014-02-27,"yanukovych",FALSE,FALSE,0.97741273100616,1.05954825462012,0.0821355236139629,"outlived it"
"Natalia Boytsun","Industrial Policy","industry",2014-02-27,2014-10-06,"poroshenko",TRUE,FALSE,0.761122518822724,0.605065023956194,-0.15605749486653,"left early"
"Valeriy Borzov","Youth & Sports","youth",1991-08-24,1996-08-20,"kravchuk",FALSE,FALSE,1.1088295687885,4.99110198494182,3.88227241615332,"outlived it"
"Suzanna Stanik","Youth & Sports","youth",1996-09-01,1997-08-01,"kuchma",FALSE,FALSE,0.832306639288159,0.914442162902122,0.082135523613963,"outlived it"
"Valentyna Dovzhenko","Youth & Sports","youth",1997-08-21,1999-03-22,"kuchma",FALSE,FALSE,2.33538672142368,1.58247775496235,-0.752908966461328,"left early"
"Valentyna Dovzhenko","Youth & Sports","youth",2004-02-06,2005-02-03,"kuchma",FALSE,FALSE,0.914442162902122,0.993839835728953,0.0793976728268309,"outlived it"
"Yuriy Pavlenko","Youth & Sports","youth",2005-02-07,2006-11-29,"yushchenko",FALSE,FALSE,0.583162217659138,1.80698151950719,1.22381930184805,"outlived it"
"Viktor Korzh","Youth & Sports","youth",2006-12-01,2007-12-18,"yushchenko",FALSE,FALSE,1.04585900068446,1.04585900068446,0,"left with it"
"Yuriy Pavlenko","Youth & Sports","youth",2007-12-20,2010-03-11,"yushchenko",FALSE,FALSE,2.22313483915127,2.22313483915127,0,"left with it"
"Ravil Safiullin","Youth & Sports","youth",2010-03-11,2010-12-09,"yanukovych",FALSE,FALSE,2.78986995208761,0.747433264887064,-2.04243668720055,"left early"
"Ravil Safiullin","Youth & Sports","youth",2013-02-28,2014-02-27,"yanukovych",FALSE,FALSE,0.914442162902122,0.996577686516085,0.082135523613963,"outlived it"
"Dmytro Bulatov","Youth & Sports","youth",2014-02-27,2014-12-02,"poroshenko",FALSE,FALSE,0.761122518822724,0.761122518822724,0,"left with it"
"Ihor Zhdanov","Youth & Sports","youth",2014-12-02,2019-08-29,"poroshenko",FALSE,FALSE,1.36618754277892,4.73921971252567,3.37303216974675,"outlived it"
"Vadim Gutzeit","Youth & Sports","youth",2020-03-04,2023-11-09,"zelensky",FALSE,FALSE,5.36892539356605,3.68240930869268,-1.68651608487337,"left early"
"Matvii Bidnyi","Youth & Sports","youth",2023-11-09,NA,"zelensky",FALSE,TRUE,1.68651608487337,2.68309377138946,0.996577686516085,"outlived it"
"Yuriy Stets","Information Policy","infopolicy",2014-12-02,2019-08-29,"poroshenko",FALSE,FALSE,1.36618754277892,4.73921971252567,3.37303216974675,"outlived it"
"Vadym Chernysh","Reintegration of Occupied Terr.","reintegration",2016-04-14,2019-08-29,"poroshenko",FALSE,FALSE,3.37303216974675,3.37303216974675,0,"left with it"
"Oleksii Reznikov","Reintegration of Occupied Terr.","reintegration",2020-03-04,2021-11-03,"zelensky",FALSE,FALSE,5.36892539356605,1.66735112936345,-3.7015742642026,"left early"
"Iryna Vereshchuk","Reintegration of Occupied Terr.","reintegration",2021-11-04,2024-09-05,"zelensky",FALSE,FALSE,3.69883641341547,2.83641341546886,-0.862422997946612,"left early"
"Anatolii Stelmakh","Reintegration of Occupied Terr.","reintegration",2024-09-06,2024-12-03,"zelensky",TRUE,FALSE,0.85968514715948,0.240930869267625,-0.618754277891855,"left early"
"Oleksii Chernyshov","Reintegration of Occupied Terr.","reintegration",2024-12-03,2025-07-17,"zelensky",FALSE,FALSE,0.618754277891855,0.618754277891855,0,"left with it"
"Iryna Fris","Veterans Affairs","veterans",2018-11-22,2019-08-29,"poroshenko",FALSE,FALSE,0.766598220396988,0.766598220396988,0,"left with it"
"Oksana Koliada","Veterans Affairs","veterans",2019-08-29,2020-03-04,"zelensky",FALSE,FALSE,0.514715947980835,0.514715947980835,0,"left with it"
"Serhiy Bessarab","Veterans Affairs","veterans",2020-03-04,2020-12-16,"zelensky",FALSE,FALSE,5.36892539356605,0.785763175906913,-4.58316221765914,"left early"
"Yulia Laputina","Veterans Affairs","veterans",2020-12-18,2024-02-07,"zelensky",FALSE,FALSE,4.57768651608487,3.13757700205339,-1.44010951403149,"left early"
"Oleksandr Porkhun","Veterans Affairs","veterans",2024-02-09,2024-09-05,"zelensky",TRUE,FALSE,1.43463381245722,0.572210814510609,-0.862422997946612,"left early"
"Natalia Kalmykova","Veterans Affairs","veterans",2024-09-05,2026-07-16,"zelensky",FALSE,FALSE,0.862422997946612,1.8590006844627,0.996577686516085,"outlived it"
"Mykhailo Fedorov","Digital Transformation","digital",2019-08-29,2026-01-13,"zelensky",FALSE,FALSE,0.514715947980835,6.37645448323066,5.86173853524983,"outlived it"
"Oleksandr Bornyakov","Digital Transformation","digital",2026-01-14,2026-07-16,"zelensky",TRUE,FALSE,0.501026694045175,0.501026694045175,0,"left with it"
"Oleh Urusky","Strategic Industries","stratindustry",2020-07-16,2021-11-03,"zelensky",FALSE,FALSE,5.00205338809035,1.30047912388775,-3.7015742642026,"left early"
"Pavlo Riabikin","Strategic Industries","stratindustry",2021-11-04,2023-03-20,"zelensky",FALSE,FALSE,3.69883641341547,1.37166324435318,-2.32717316906229,"left early"
"Oleksandr Kamyshin","Strategic Industries","stratindustry",2023-03-21,2024-09-04,"zelensky",FALSE,FALSE,2.32443531827515,1.45927446954141,-0.865160848733744,"left early"
"Herman Smetanin","Strategic Industries","stratindustry",2024-09-05,2025-07-17,"zelensky",FALSE,FALSE,0.862422997946612,0.862422997946612,0,"left with it"
"Oleksandr Klymenko","Revenues & Duties","revenues",2012-12-24,2014-02-27,"yanukovych",FALSE,FALSE,1.09514031485284,1.1772758384668,0.0821355236139631,"outlived it"
"Volodymyr Pekhota","Minister of the Cabinet","cabmin",1992-02-26,1992-10-16,"kravchuk",FALSE,FALSE,0.59958932238193,0.63791923340178,0.0383299110198494,"left with it"
"Anatoliy Lobov","Minister of the Cabinet","cabmin",1992-10-16,1993-04-02,"kravchuk",FALSE,FALSE,0.933607118412047,0.459958932238193,-0.473648186173854,"left early"
"Valerii Pustovoitenko","Minister of the Cabinet","cabmin",1993-04-01,1993-09-01,"kravchuk",FALSE,FALSE,0.476386036960986,0.418891170431211,-0.0574948665297741,"left early"
"Ivan Dotsenko","Minister of the Cabinet","cabmin",1993-09-01,1994-07-01,"kravchuk",FALSE,FALSE,0.0574948665297741,0.829568788501027,0.772073921971253,"outlived it"
"Valerii Pustovoitenko","Minister of the Cabinet","cabmin",1994-07-01,1997-07-01,"kravchuk",FALSE,FALSE,0.678986995208761,3.00068446269678,2.32169746748802,"outlived it"
"Anatoliy Tolstoukhov","Minister of the Cabinet","cabmin",1997-07-25,1999-12-20,"kuchma",FALSE,FALSE,2.40930869267625,2.40383299110198,-0.00547570157426414,"left with it"
"Volodymyr Yatsuba","Minister of the Cabinet","cabmin",2003-06-03,2003-07-09,"kuchma",FALSE,FALSE,1.59342915811088,0.0985626283367557,-1.49486652977413,"left early"
"Anatoliy Tolstoukhov","Minister of the Cabinet","cabmin",2003-07-31,2005-01-29,"kuchma",FALSE,FALSE,1.43463381245722,1.50034223134839,0.0657084188911705,"outlived it"
"Petro Krupko","Minister of the Cabinet","cabmin",2005-03-23,2005-09-27,"yushchenko",FALSE,FALSE,0.462696783025325,0.514715947980835,0.05201916495551,"outlived it"
"Bohdan Butsa","Minister of the Cabinet","cabmin",2005-09-27,2006-08-04,"yushchenko",FALSE,FALSE,0.851471594798084,0.851471594798084,0,"left with it"
"Anatoliy Tolstoukhov","Minister of the Cabinet","cabmin",2006-08-04,2007-12-18,"yushchenko",FALSE,FALSE,1.37166324435318,1.37166324435318,0,"left with it"
"Petro Krupko","Minister of the Cabinet","cabmin",2007-12-18,2010-03-11,"yushchenko",FALSE,FALSE,2.22861054072553,2.22861054072553,0,"left with it"
"Anatoliy Tolstoukhov","Minister of the Cabinet","cabmin",2010-03-11,2010-12-09,"yanukovych",FALSE,FALSE,2.78986995208761,0.747433264887064,-2.04243668720055,"left early"
"Olena Lukash","Minister of the Cabinet","cabmin",2012-12-24,2013-07-04,"yanukovych",FALSE,FALSE,1.09514031485284,0.525667351129363,-0.569472963723477,"left early"
"Vladyslav Zabarskyi","Minister of the Cabinet","cabmin",2013-07-04,2014-02-27,"yanukovych",TRUE,FALSE,0.569472963723477,0.65160848733744,0.082135523613963,"outlived it"
"Ostap Semerak","Minister of the Cabinet","cabmin",2014-02-27,2014-12-02,"poroshenko",FALSE,FALSE,0.761122518822724,0.761122518822724,0,"left with it"
"Hanna Onyshchenko","Minister of the Cabinet","cabmin",2014-12-02,2016-04-14,"poroshenko",FALSE,FALSE,1.36618754277892,1.36618754277892,0,"left with it"
"Oleksandr Saienko","Minister of the Cabinet","cabmin",2016-04-14,2019-08-29,"poroshenko",FALSE,FALSE,3.37303216974675,3.37303216974675,0,"left with it"
"Dmytro Dubilet","Minister of the Cabinet","cabmin",2019-08-29,2020-03-04,"zelensky",FALSE,FALSE,0.514715947980835,0.514715947980835,0,"left with it"
"Oleh Nemchinov","Minister of the Cabinet","cabmin",2020-03-04,2025-07-17,"zelensky",FALSE,FALSE,5.36892539356605,5.36892539356605,0,"left with it"
